PFAS_name,CAS number,Smiles,Molecular weight (g/mol),half-life (days),±SD,tissue,species,sex,Log P,Log Kow,Log D (pH = 7.4),route of administration,mode of administration,sampling duration (days),subject/animal weight (g),age (years),adult,reference,doi,
PFBS,375-73-5,C(C(C(F)(F)S(=O)(=O)O)(F)F)(C(F)(F)F)(F)F,300.10 ,26,,whole body,human,male/female,1.94,1.82,-1.56,,,,,,,"Arnot et al., 2014",https://doi.org/10.1021/es4029414,
PFHxA,307-24-4,C(=O)(C(C(C(C(C(F)(F)F)(F)F)(F)F)(F)F)(F)F)O,314.05,20,,whole body,human,male/female,3.9,3.48,0.15,,,,,,,"Arnot et al., 2014",https://doi.org/10.1021/es4029414,
PFHxS,355-46-4,C(C(C(C(F)(F)S(=O)(=O)O)(F)F)(F)F)(C(C(F)(F)F)(F)F)(F)F,400.12,2660,,whole body,human,male/female,2.96,3.16,-0.54,,,,,,,"Arnot et al., 2014",https://doi.org/10.1021/es4029414,
PFOA,335-67-1,C(=O)(C(C(C(C(C(C(C(F)(F)F)(F)F)(F)F)(F)F)(F)F)(F)F)(F)F)O,414.07,1980,,whole body,Human,male/female,5.57,4.81,1.82,,,,,,,"Arnot et al., 2014",https://doi.org/10.1021/es4029414,
PFOS ,1763-23-1,C(C(C(C(C(F)(F)S(=O)(=O)O)(F)F)(F)F)(F)F)(C(C(C(F)(F)F)(F)F)(F)F)(F)F,500.13,1750,,whole body,Human,male/female,4.16,4.49,0.66,,,,,,,"Arnot et al., 2014",https://doi.org/10.1021/es4029414,
PFOA,335-67-1,C(=O)(C(C(C(C(C(C(C(F)(F)F)(F)F)(F)F)(F)F)(F)F)(F)F)(F)F)O,414.07,20.1,,blood serum,Monkey,male,5.57,4.81,1.82,oral,repeated,182 d dosing period (daily),,6,TRUE,"Butenhoff et al., 2004",https://doi.org/10.1093/toxsci/kfh302,
PFOA,335-67-1,C(=O)(C(C(C(C(C(C(C(F)(F)F)(F)F)(F)F)(F)F)(F)F)(F)F)(F)F)O,414.07,32.6,,blood serum,Monkey,female,5.57,4.81,1.82,intravenous,single,123 d follow-up,,6,TRUE,"Butenhoff et al., 2004",https://doi.org/10.1093/toxsci/kfh302,
PFOA,335-67-1,C(=O)(C(C(C(C(C(C(C(F)(F)F)(F)F)(F)F)(F)F)(F)F)(F)F)(F)F)O,414.07,20.9,,blood serum,Monkey,male,5.57,4.81,1.82,intravenous,single,123 d follow-up,,6,TRUE,"Butenhoff et al., 2004",https://doi.org/10.1093/toxsci/kfh302,
PFBA,375-22-4,C(=O)(C(C(C(F)(F)F)(F)F)(F)F)O,214.04,2.9,,blood serum,human,male,2.62,2.14,-1.13,occupational,continuous,8 d (not exposed to materials during that time) ,,,TRUE,"Chang et al., 2008",https://doi.org/10.1093/toxsci/kfn057,
PFBA,375-22-4,C(=O)(C(C(C(F)(F)F)(F)F)(F)F)O,214.04,3,,blood serum,human,male/female,2.62,2.14,-1.13,occupational,continuous,8 d (not exposed to materials during that time) ,,,TRUE,"Chang et al., 2008",https://doi.org/10.1093/toxsci/kfn057,
PFBA,375-22-4,C(=O)(C(C(C(F)(F)F)(F)F)(F)F)O,214.04,1.71,,blood serum,monkey,female,2.62,2.14,-1.13,intravenous,single,31,5000,2.75,FALSE,"Chang et al., 2008",https://doi.org/10.1093/toxsci/kfn057,
PFBA,375-22-4,C(=O)(C(C(C(F)(F)F)(F)F)(F)F)O,214.04,1.68,,blood serum,monkey,male,2.62,2.14,-1.13,intravenous,single,31,5000,2.75,FALSE,"Chang et al., 2008",https://doi.org/10.1093/toxsci/kfn057,
PFBA,375-22-4,C(=O)(C(C(C(F)(F)F)(F)F)(F)F)O,214.04,0.55,,blood serum,mouse,male,2.62,2.14,-1.13,oral,single,4,27.5,0.1726027397,TRUE,"Chang et al., 2008",https://doi.org/10.1093/toxsci/kfn057,
PFBA,375-22-4,C(=O)(C(C(C(F)(F)F)(F)F)(F)F)O,214.04,0.68,,blood serum,mouse,male,2.62,2.14,-1.13,oral,single,4,27.5,0.1726027397,TRUE,"Chang et al., 2008",https://doi.org/10.1093/toxsci/kfn057,
PFBA,375-22-4,C(=O)(C(C(C(F)(F)F)(F)F)(F)F)O,214.04,0.22,,blood serum,mouse,male,2.62,2.14,-1.13,oral,single,4,27.5,0.1726027397,TRUE,"Chang et al., 2008",https://doi.org/10.1093/toxsci/kfn057,
PFBA,375-22-4,C(=O)(C(C(C(F)(F)F)(F)F)(F)F)O,214.04,0.12,,blood serum,mouse,female,2.62,2.14,-1.13,oral,single,4,27.5,0.1726027397,TRUE,"Chang et al., 2008",https://doi.org/10.1093/toxsci/kfn057,
PFBA,375-22-4,C(=O)(C(C(C(F)(F)F)(F)F)(F)F)O,214.04,0.13,,blood serum,mouse,female,2.62,2.14,-1.13,oral,single,4,27.5,0.1726027397,TRUE,"Chang et al., 2008",https://doi.org/10.1093/toxsci/kfn057,
PFBA,375-22-4,C(=O)(C(C(C(F)(F)F)(F)F)(F)F)O,214.04,0.12,,blood serum,mouse,female,2.62,2.14,-1.13,oral,single,4,27.5,0.1726027397,TRUE,"Chang et al., 2008",https://doi.org/10.1093/toxsci/kfn057,
PFBA,375-22-4,C(=O)(C(C(C(F)(F)F)(F)F)(F)F)O,214.04,0.38,,blood serum,rat,male,2.62,2.14,-1.13,oral,single,1,225,0.1726027397,TRUE,"Chang et al., 2008",https://doi.org/10.1093/toxsci/kfn057,
PFBA,375-22-4,C(=O)(C(C(C(F)(F)F)(F)F)(F)F)O,214.04,0.266,,blood serum,rat,male,2.62,2.14,-1.13,intravenous,single,1,225,0.1726027397,TRUE,"Chang et al., 2008",https://doi.org/10.1093/toxsci/kfn057,
PFBA,375-22-4,C(=O)(C(C(C(F)(F)F)(F)F)(F)F)O,214.04,0.07,,blood serum,rat,female,2.62,2.14,-1.13,oral,single,1,225,0.1726027397,TRUE,"Chang et al., 2008",https://doi.org/10.1093/toxsci/kfn057,
PFBA,375-22-4,C(=O)(C(C(C(F)(F)F)(F)F)(F)F)O,214.04,0.04,,blood serum,rat,female,2.62,2.14,-1.13,intravenous,single,1,225,0.1726027397,TRUE,"Chang et al., 2008",https://doi.org/10.1093/toxsci/kfn057,
PFOS ,1763-23-1,C(C(C(C(C(F)(F)S(=O)(=O)O)(F)F)(F)F)(F)F)(C(C(C(F)(F)F)(F)F)(F)F)(F)F,500.13,110,,blood serum,Monkey,female,4.16,4.49,0.66,intravenous,single,161 d follow-up,,,FALSE,"Chang et al., 2012",https://doi.org/10.1016/j.reprotox.2011.07.002,
PFOS ,1763-23-1,C(C(C(C(C(F)(F)S(=O)(=O)O)(F)F)(F)F)(F)F)(C(C(C(F)(F)F)(F)F)(F)F)(F)F,500.13,132,,blood serum,Monkey,male,4.16,4.49,0.66,intravenous,single,161 d follow-up,,,FALSE,"Chang et al., 2012",https://doi.org/10.1016/j.reprotox.2011.07.002,
PFOS ,1763-23-1,C(C(C(C(C(F)(F)S(=O)(=O)O)(F)F)(F)F)(F)F)(C(C(C(F)(F)F)(F)F)(F)F)(F)F,500.13,30.45,,blood serum,Mouse,female,4.16,4.49,0.66,oral,single,141 d follow-up,,0.1726027397,TRUE,"Chang et al., 2012",https://doi.org/10.1016/j.reprotox.2011.07.002,
PFOS ,1763-23-1,C(C(C(C(C(F)(F)S(=O)(=O)O)(F)F)(F)F)(F)F)(C(C(C(F)(F)F)(F)F)(F)F)(F)F,500.13,37.8,,blood serum,Mouse,female,4.16,4.49,0.66,oral,single,141 d follow-up,,0.1726027397,TRUE,"Chang et al., 2012",https://doi.org/10.1016/j.reprotox.2011.07.002,
PFOS ,1763-23-1,C(C(C(C(C(F)(F)S(=O)(=O)O)(F)F)(F)F)(F)F)(C(C(C(F)(F)F)(F)F)(F)F)(F)F,500.13,36.42,,blood serum,Mouse,male,4.16,4.49,0.66,oral,single,141 d follow-up,,0.1726027397,TRUE,"Chang et al., 2012",https://doi.org/10.1016/j.reprotox.2011.07.002,
PFOS ,1763-23-1,C(C(C(C(C(F)(F)S(=O)(=O)O)(F)F)(F)F)(F)F)(C(C(C(F)(F)F)(F)F)(F)F)(F)F,500.13,42.81,,blood serum,Mouse,male,4.16,4.49,0.66,oral,single,141 d follow-up,,0.1726027397,TRUE,"Chang et al., 2012",https://doi.org/10.1016/j.reprotox.2011.07.002,
PFOS ,1763-23-1,C(C(C(C(C(F)(F)S(=O)(=O)O)(F)F)(F)F)(F)F)(C(C(C(F)(F)F)(F)F)(F)F)(F)F,500.13,71.13,,blood serum,Rat,female,4.16,4.49,0.66,oral,single,10-12 weeks follow-up,,,TRUE,"Chang et al., 2012",https://doi.org/10.1016/j.reprotox.2011.07.002,
PFOS ,1763-23-1,C(C(C(C(C(F)(F)S(=O)(=O)O)(F)F)(F)F)(F)F)(C(C(C(F)(F)F)(F)F)(F)F)(F)F,500.13,62.3,,blood serum,Rat,female,4.16,4.49,0.66,oral,single,10-12 weeks follow-up,,,TRUE,"Chang et al., 2012",https://doi.org/10.1016/j.reprotox.2011.07.002,
PFOS ,1763-23-1,C(C(C(C(C(F)(F)S(=O)(=O)O)(F)F)(F)F)(F)F)(C(C(C(F)(F)F)(F)F)(F)F)(F)F,500.13,41.19,,blood serum,Rat,male,4.16,4.49,0.66,oral,single,10-12 weeks follow-up,,,TRUE,"Chang et al., 2012",https://doi.org/10.1016/j.reprotox.2011.07.002,
PFOS ,1763-23-1,C(C(C(C(C(F)(F)S(=O)(=O)O)(F)F)(F)F)(F)F)(C(C(C(F)(F)F)(F)F)(F)F)(F)F,500.13,38.31,,blood serum,Rat,male,4.16,4.49,0.66,oral,single,10-12 weeks follow-up,,,TRUE,"Chang et al., 2012",https://doi.org/10.1016/j.reprotox.2011.07.002,
PFOS ,1763-23-1,C(C(C(C(C(F)(F)S(=O)(=O)O)(F)F)(F)F)(F)F)(C(C(C(F)(F)F)(F)F)(F)F)(F)F,500.13,8.23,,blood serum,Rat,male,4.16,4.49,0.66,oral,single,144 h follow-up,,,TRUE,"Chang et al., 2012",https://doi.org/10.1016/j.reprotox.2011.07.002,
PFBS,375-73-5,C(C(C(F)(F)S(=O)(=O)O)(F)F)(C(F)(F)F)(F)F,300.10 ,0.34,,blood serum,monkey,female,1.94,1.82,-1.56,intravenous,single,7,2600,3,TRUE,"Chengelis et al., 2009",https://doi.org/10.1016/j.reprotox.2009.01.013,
PFBS,375-73-5,C(C(C(F)(F)S(=O)(=O)O)(F)F)(C(F)(F)F)(F)F,300.10 ,0.63,,blood serum,monkey,male,1.94,1.82,-1.56,intravenous,single,7,2600,3,TRUE,"Chengelis et al., 2009",https://doi.org/10.1016/j.reprotox.2009.01.013,
PFHxA,307-24-4,C(=O)(C(C(C(C(C(F)(F)F)(F)F)(F)F)(F)F)(F)F)O,314.05,0.22,,blood serum,monkey,male,3.9,3.48,0.15,intravenous,single,7 d follow-up,,3,TRUE,"Chengelis et al., 2009",https://doi.org/10.1016/j.reprotox.2009.01.013,
PFHxA,307-24-4,C(=O)(C(C(C(C(C(F)(F)F)(F)F)(F)F)(F)F)(F)F)O,314.05,0.1,,blood serum,monkey,female,3.9,3.48,0.15,intravenous,single,7 d follow-up,,3,TRUE,"Chengelis et al., 2009",https://doi.org/10.1016/j.reprotox.2009.01.013,
PFBS,375-73-5,C(C(C(F)(F)S(=O)(=O)O)(F)F)(C(F)(F)F)(F)F,300.10 ,0.088,,blood serum,rat,male,1.94,1.82,-1.56,intravenous,single,8,225,0.1342465753,TRUE,"Chengelis et al., 2009",https://doi.org/10.1016/j.reprotox.2009.01.013,
PFBS,375-73-5,C(C(C(F)(F)S(=O)(=O)O)(F)F)(C(F)(F)F)(F)F,300.10 ,0.026,,blood serum,rat,female,1.94,1.82,-1.56,intravenous,single,8,225,0.1342465753,TRUE,"Chengelis et al., 2009",https://doi.org/10.1016/j.reprotox.2009.01.013,
PFHxA,307-24-4,C(=O)(C(C(C(C(C(F)(F)F)(F)F)(F)F)(F)F)(F)F)O,314.05,0.12,,blood serum,rat,male,3.9,3.48,0.15,oral,repeated,25 d follow-up,,0.1917808219,TRUE,"Chengelis et al., 2009",https://doi.org/10.1016/j.reprotox.2009.01.013,ok
PFHxA,307-24-4,C(=O)(C(C(C(C(C(F)(F)F)(F)F)(F)F)(F)F)(F)F)O,314.05,0.11,,blood serum,rat,female,3.9,3.48,0.15,oral,repeated,25 d follow-up,,0.1917808219,TRUE,"Chengelis et al., 2009",https://doi.org/10.1016/j.reprotox.2009.01.013,ok
PFHxA,307-24-4,C(=O)(C(C(C(C(C(F)(F)F)(F)F)(F)F)(F)F)(F)F)O,314.05,0.11,,blood serum,rat,male,3.9,3.48,0.15,oral,repeated,25 d follow-up,,0.1917808219,TRUE,"Chengelis et al., 2009",https://doi.org/10.1016/j.reprotox.2009.01.013,ok
PFHxA,307-24-4,C(=O)(C(C(C(C(C(F)(F)F)(F)F)(F)F)(F)F)(F)F)O,314.05,0.1,,blood serum,rat,female,3.9,3.48,0.15,oral,repeated,25 d follow-up,,0.1917808219,TRUE,"Chengelis et al., 2009",https://doi.org/10.1016/j.reprotox.2009.01.013,ok
PFHxA,307-24-4,C(=O)(C(C(C(C(C(F)(F)F)(F)F)(F)F)(F)F)(F)F)O,314.05,0.096,,blood serum,rat,female,3.9,3.48,0.15,oral,repeated,25 d blood collected,,0.1917808219,TRUE,"Chengelis et al., 2009",https://doi.org/10.1016/j.reprotox.2009.01.013,ok
PFHxA,307-24-4,C(=O)(C(C(C(C(C(F)(F)F)(F)F)(F)F)(F)F)(F)F)O,314.05,0.09,,blood serum,rat,male,3.9,3.48,0.15,oral,repeated,25 d follow-up,,0.1917808219,TRUE,"Chengelis et al., 2009",https://doi.org/10.1016/j.reprotox.2009.01.013,ok
PFHxA,307-24-4,C(=O)(C(C(C(C(C(F)(F)F)(F)F)(F)F)(F)F)(F)F)O,314.05,0.04,,blood serum,rat,male,3.9,3.48,0.15,intravenous,single,8 d follow-up,,0.1342465753,TRUE,"Chengelis et al., 2009",https://doi.org/10.1016/j.reprotox.2009.01.013,
PFHxA,307-24-4,C(=O)(C(C(C(C(C(F)(F)F)(F)F)(F)F)(F)F)(F)F)O,314.05,0.018,,blood serum,rat,female,3.9,3.48,0.15,intravenous,single,8 d follow-up,,0.1342465753,TRUE,"Chengelis et al., 2009",https://doi.org/10.1016/j.reprotox.2009.01.013,
di-branched-PFOS,,,500.13,34.1,4.3,serum,cattle,female,,,,pollution,continuous,215,557,1.7,FALSE,"Drew et al., 2021",https://doi.org/10.1080/19440049.2021.1991004,
di-branched-PFOS,,,500.13,29.9,5.5,serum,cattle,female,,,,pollution,continuous,63,454,1.7,FALSE,"Drew et al., 2021",https://doi.org/10.1080/19440049.2021.1991004,
di-branched-PFOS,,,500.13,28,5.5,serum,cattle,female,,,,pollution,continuous,63,454,1.7,FALSE,"Drew et al., 2021",https://doi.org/10.1080/19440049.2021.1991004,
mono branched-PFOS,927670-12-0,C(C(C(C(C(F)(F)F)(F)S(=O)(=O)O)(F)F)(F)F)(C(C(C(F)(F)F)(F)F)(F)F)(F)F,500.13,85.6,10.6,serum,cattle,female,,,,pollution,continuous,215,557,1.7,FALSE,"Drew et al., 2021",https://doi.org/10.1080/19440049.2021.1991004,
mono branched-PFOS,927670-12-0,C(C(C(C(C(F)(F)F)(F)S(=O)(=O)O)(F)F)(F)F)(C(C(C(F)(F)F)(F)F)(F)F)(F)F,500.13,95.8,29.4,serum,cattle,female,,,,pollution,continuous,63,454,1.7,FALSE,"Drew et al., 2021",https://doi.org/10.1080/19440049.2021.1991004,
mono branched-PFOS,927670-12-0,C(C(C(C(C(F)(F)F)(F)S(=O)(=O)O)(F)F)(F)F)(C(C(C(F)(F)F)(F)F)(F)F)(F)F,500.13,82.5,22.5,serum,cattle,female,,,,pollution,continuous,63,454,1.7,FALSE,"Drew et al., 2021",https://doi.org/10.1080/19440049.2021.1991004,
mono branched-PFOS,927670-12-0,C(C(C(C(C(F)(F)F)(F)S(=O)(=O)O)(F)F)(F)F)(C(C(C(F)(F)F)(F)F)(F)F)(F)F,500.13,83.6,18.7,serum,cattle,female,,,,pollution,continuous,215,557,1.7,FALSE,"Drew et al., 2021",https://doi.org/10.1080/19440049.2021.1991004,
PFDA,335-76-1,C(=O)(C(C(C(C(C(C(C(C(C(F)(F)F)(F)F)(F)F)(F)F)(F)F)(F)F)(F)F)(F)F)(F)F)O,514.08,60.4,10.4,serum,cattle,female,,,,pollution,continuous,215,557,1.7,FALSE,"Drew et al., 2021",https://doi.org/10.1080/19440049.2021.1991004,
PFHpS,375-92-8,C(C(C(C(F)(F)F)(F)F)(F)F)(C(C(C(F)(F)S(=O)(=O)O)(F)F)(F)F)(F)F,450.12,46,7,serum,cattle,female,,,,pollution,continuous,215,557,1.7,FALSE,"Drew et al., 2021",https://doi.org/10.1080/19440049.2021.1991004,
PFHpS,375-92-8,C(C(C(C(F)(F)F)(F)F)(F)F)(C(C(C(F)(F)S(=O)(=O)O)(F)F)(F)F)(F)F,450.12,48.5,11.4,serum,cattle,female,,,,pollution,continuous,63,454,1.7,FALSE,"Drew et al., 2021",https://doi.org/10.1080/19440049.2021.1991004,
PFHpS,375-92-8,C(C(C(C(F)(F)F)(F)F)(F)F)(C(C(C(F)(F)S(=O)(=O)O)(F)F)(F)F)(F)F,450.12,45.5,10.6,serum,cattle,female,,,,pollution,continuous,63,454,1.7,FALSE,"Drew et al., 2021",https://doi.org/10.1080/19440049.2021.1991004,
PFHpS,375-92-8,C(C(C(C(F)(F)F)(F)F)(F)F)(C(C(C(F)(F)S(=O)(=O)O)(F)F)(F)F)(F)F,450.12,43,,kidney,cattle,female,,,,pollution,continuous,215,557,1.7,FALSE,"Drew et al., 2021",https://doi.org/10.1080/19440049.2021.1991004,
PFHpS,375-92-8,C(C(C(C(F)(F)F)(F)F)(F)F)(C(C(C(F)(F)S(=O)(=O)O)(F)F)(F)F)(F)F,450.12,50,,liver,cattle,female,,,,pollution,continuous,215,557,1.7,FALSE,"Drew et al., 2021",https://doi.org/10.1080/19440049.2021.1991004,
PFHxS,355-46-4,C(C(C(C(F)(F)S(=O)(=O)O)(F)F)(F)F)(C(C(F)(F)F)(F)F)(F)F,400.12,9.4,1.2,serum,cattle,female,,,,pollution,continuous,215,557,1.7,FALSE,"Drew et al., 2021",https://doi.org/10.1080/19440049.2021.1991004,
PFHxS,355-46-4,C(C(C(C(F)(F)S(=O)(=O)O)(F)F)(F)F)(C(C(F)(F)F)(F)F)(F)F,400.12,9.1,1.3,serum,cattle,female,,,,pollution,continuous,63,454,1.7,FALSE,"Drew et al., 2021",https://doi.org/10.1080/19440049.2021.1991004,
PFHxS,355-46-4,C(C(C(C(F)(F)S(=O)(=O)O)(F)F)(F)F)(C(C(F)(F)F)(F)F)(F)F,400.12,9.3,1.4,serum,cattle,female,,,,pollution,continuous,63,454,1.7,FALSE,"Drew et al., 2021",https://doi.org/10.1080/19440049.2021.1991004,
PFNA,375-95-1,C(=O)(C(C(C(C(C(C(C(C(F)(F)F)(F)F)(F)F)(F)F)(F)F)(F)F)(F)F)(F)F)O,464.08,11.9,2.7,serum,Cattle,female,,,,pollution,continuous,215,557,1.7,FALSE,"Drew et al., 2021",https://doi.org/10.1080/19440049.2021.1991004,
PFNA,375-95-1,C(=O)(C(C(C(C(C(C(C(C(F)(F)F)(F)F)(F)F)(F)F)(F)F)(F)F)(F)F)(F)F)O,464.08,12.4,1.2,serum,Cattle,female,,,,pollution,continuous,63,454,1.7,FALSE,"Drew et al., 2021",https://doi.org/10.1080/19440049.2021.1991004,
PFNA,375-95-1,C(=O)(C(C(C(C(C(C(C(C(F)(F)F)(F)F)(F)F)(F)F)(F)F)(F)F)(F)F)(F)F)O,464.08,12.5,18.7,serum,Cattle,female,,,,pollution,continuous,63,454,1.7,FALSE,"Drew et al., 2021",https://doi.org/10.1080/19440049.2021.1991004,
PFOS,1763-23-1,C(C(C(C(C(F)(F)S(=O)(=O)O)(F)F)(F)F)(F)F)(C(C(C(F)(F)F)(F)F)(F)F)(F)F,500.13,67.3,7.3,serum,Cattle,female,,,,pollution,continuous,215,557,1.7,FALSE,"Drew et al., 2021",https://doi.org/10.1080/19440049.2021.1991004,
PFOS,1763-23-1,C(C(C(C(C(F)(F)S(=O)(=O)O)(F)F)(F)F)(F)F)(C(C(C(F)(F)F)(F)F)(F)F)(F)F,500.13,103,45.5,serum,Cattle,female,,,,pollution,continuous,63,454,1.7,FALSE,"Drew et al., 2021",https://doi.org/10.1080/19440049.2021.1991004,
PFOS,1763-23-1,C(C(C(C(C(F)(F)S(=O)(=O)O)(F)F)(F)F)(F)F)(C(C(C(F)(F)F)(F)F)(F)F)(F)F,500.13,70.5,13.5,serum,Cattle,female,,,,pollution,continuous,63,454,1.7,FALSE,"Drew et al., 2021",https://doi.org/10.1080/19440049.2021.1991004,
PFOS,1763-23-1,C(C(C(C(C(F)(F)S(=O)(=O)O)(F)F)(F)F)(F)F)(C(C(C(F)(F)F)(F)F)(F)F)(F)F,500.13,69.4,11.6,serum,Cattle,female,,,,pollution,continuous,215,557,1.7,FALSE,"Drew et al., 2021",https://doi.org/10.1080/19440049.2021.1991004,
PFHpA,375-85-9,C(=O)(C(C(C(C(C(C(F)(F)F)(F)F)(F)F)(F)F)(F)F)(F)F)O,364.06,98,,blood (whole),human,male/female,4.86,4.15,1.11,occupational,continuous,"1 year (preseason, season and postseason samples)",,39,TRUE,"ECHA (2015) Decision on substance evaluation pursuant to Article 46(1) of regulation (EC) NO 1907/2006 for reaction mass of mixed (3,3,4,4,5,5,6,6,7,7,8,8,8-tridecafluorooctyl) phosphates, ammonium salt, CAS not available (EC No 700-161-3). Original study: Nilsson H, Kärrman  A, Westberg H, Rotander A, van Bavel B & Lindström G (2010) A time trend study of significantly elevated perfluorocarboxylate levels in humans after using fluorinated ski wax. Environ Sci Technol 44, 2150-2155.",,
PFHxS,355-46-4,C(C(C(C(F)(F)S(=O)(=O)O)(F)F)(F)F)(C(C(F)(F)F)(F)F)(F)F,400.12,7263.5,3.9,"serum,urine",human,male,,,,occupational,continuous,1825,,,TRUE,"Fu et al., 2016",https://doi.org/10.1038/srep38039  ,
PFHxS,355-46-4,C(C(C(C(F)(F)S(=O)(=O)O)(F)F)(F)F)(C(C(F)(F)F)(F)F)(F)F,400.12,2558.5,1.4,"serum,urine",human,female,,,,occupational,continuous,1825,,,TRUE,"Fu et al., 2016",https://doi.org/10.1038/srep38039  ,
PFOA,335-67-1,C(=O)(C(C(C(C(C(C(C(F)(F)F)(F)F)(F)F)(F)F)(F)F)(F)F)(F)F)O,414.07,1715.5,3,"serum,urine",Human,male,,,,occupational,continuous,5,,,TRUE,"Fu et al., 2016",https://doi.org/10.1038/srep38039,
PFOA,335-67-1,C(=O)(C(C(C(C(C(C(C(F)(F)F)(F)F)(F)F)(F)F)(F)F)(F)F)(F)F)O,414.07,1131.5,2.2,"serum,urine",Human,female,,,,occupational,continuous,5,,,TRUE,"Fu et al., 2016",https://doi.org/10.1038/srep38039,
PFOS,1763-23-1,C(C(C(C(C(F)(F)S(=O)(=O)O)(F)F)(F)F)(F)F)(C(C(C(F)(F)F)(F)F)(F)F)(F)F,500.13,22228.5,4.8,"serum,urine",Human,male,,,,occupational,continuous,5,,,TRUE,"Fu et al., 2016",https://doi.org/10.1038/srep38039,
PFOS,1763-23-1,C(C(C(C(C(F)(F)S(=O)(=O)O)(F)F)(F)F)(F)F)(C(C(C(F)(F)F)(F)F)(F)F)(F)F,500.13,2920,1.9,"serum,urine",Human,female,,,,occupational,continuous,5,,,TRUE,"Fu et al., 2016",https://doi.org/10.1038/srep38039,
GenX,62037-80-3,C(=O)(C(C(F)(F)F)(OC(C(C(F)(F)F)(F)F)(F)F)F)[O-].[NH4+],347.08,2.671,,blood serum,monkey,male,,,,intravenous,single,1,,,TRUE,"Gannon et al., 2016",https://doi.org/10.1016/j.tox.2015.12.006,
GenX,62037-80-3,C(=O)(C(C(F)(F)F)(OC(C(C(F)(F)F)(F)F)(F)F)F)[O-].[NH4+],347.08,3.317,,blood serum,monkey,female,,,,intravenous,single,1,,,TRUE,"Gannon et al., 2016",https://doi.org/10.1016/j.tox.2015.12.006,
GenX,62037-80-3,C(=O)(C(C(F)(F)F)(OC(C(C(F)(F)F)(F)F)(F)F)F)[O-].[NH4+],347.08,1.538,,blood serum,mouse,male,,,,oral,single,1,,,TRUE,"Gannon et al., 2016",https://doi.org/10.1016/j.tox.2015.12.006,
GenX,62037-80-3,C(=O)(C(C(F)(F)F)(OC(C(C(F)(F)F)(F)F)(F)F)F)[O-].[NH4+],347.08,1.008,,blood serum,mouse,female,,,,oral,single,1,,,TRUE,"Gannon et al., 2016",https://doi.org/10.1016/j.tox.2015.12.006,
GenX,62037-80-3,C(=O)(C(C(F)(F)F)(OC(C(C(F)(F)F)(F)F)(F)F)F)[O-].[NH4+],347.08,3.7125,,blood serum,rat,male,,,,intravenous,single,1,,,TRUE,"Gannon et al., 2016",https://doi.org/10.1016/j.tox.2015.12.006,
GenX,62037-80-3,C(=O)(C(C(F)(F)F)(OC(C(C(F)(F)F)(F)F)(F)F)F)[O-].[NH4+],347.08,0.942,,blood serum,rat,female,,,,intravenous,single,1,,,TRUE,"Gannon et al., 2016",https://doi.org/10.1016/j.tox.2015.12.006,
GenX,62037-80-3,C(=O)(C(C(F)(F)F)(OC(C(C(F)(F)F)(F)F)(F)F)F)[O-].[NH4+],347.08,3.008,,blood serum,rat,male,,,,oral,single,1,,,TRUE,"Gannon et al., 2016",https://doi.org/10.1016/j.tox.2015.12.006,
GenX,62037-80-3,C(=O)(C(C(F)(F)F)(OC(C(C(F)(F)F)(F)F)(F)F)F)[O-].[NH4+],347.08,2.808,,blood serum,rat,female,,,,oral,single,1,,,TRUE,"Gannon et al., 2016",https://doi.org/10.1016/j.tox.2015.12.006,
PFOA,335-67-1,C(=O)(C(C(C(C(C(C(C(F)(F)F)(F)F)(F)F)(F)F)(F)F)(F)F)(F)F)O,414.07,11.3,,liver,Rat,male,5.57,4.81,1.82,intraperitoneal,single,28 d follow-up ,,,TRUE,"Heuvel et al., 1991",https://doi.org/10.1002/jbt.2570060202,
PFOA,335-67-1,C(=O)(C(C(C(C(C(C(C(F)(F)F)(F)F)(F)F)(F)F)(F)F)(F)F)(F)F)O,414.07,9,,blood,Rat,male,5.57,4.81,1.82,intraperitoneal,single,28 d follow-up ,,,TRUE,"Heuvel et al., 1991",https://doi.org/10.1002/jbt.2570060202,
PFOA,335-67-1,C(=O)(C(C(C(C(C(C(C(F)(F)F)(F)F)(F)F)(F)F)(F)F)(F)F)(F)F)O,414.07,9.4,,kidney,Rat,male,5.57,4.81,1.82,intraperitoneal,single,28 d follow-up ,,,TRUE,"Heuvel et al., 1991",https://doi.org/10.1002/jbt.2570060202,
PFOA,335-67-1,C(=O)(C(C(C(C(C(C(C(F)(F)F)(F)F)(F)F)(F)F)(F)F)(F)F)(F)F)O,414.07,10.4,,heart,Rat,male,5.57,4.81,1.82,intraperitoneal,single,28 d follow-up ,,,TRUE,"Heuvel et al., 1991",https://doi.org/10.1002/jbt.2570060202,
PFOA,335-67-1,C(=O)(C(C(C(C(C(C(C(F)(F)F)(F)F)(F)F)(F)F)(F)F)(F)F)(F)F)O,414.07,8,,fat,Rat,male,5.57,4.81,1.82,intraperitoneal,single,28 d follow-up ,,,TRUE,"Heuvel et al., 1991",https://doi.org/10.1002/jbt.2570060202,
PFOA,335-67-1,C(=O)(C(C(C(C(C(C(C(F)(F)F)(F)F)(F)F)(F)F)(F)F)(F)F)(F)F)O,414.07,9,,testis,Rat,male,5.57,4.81,1.82,intraperitoneal,single,28 d follow-up ,,,TRUE,"Heuvel et al., 1991",https://doi.org/10.1002/jbt.2570060202,
PFOA,335-67-1,C(=O)(C(C(C(C(C(C(C(F)(F)F)(F)F)(F)F)(F)F)(F)F)(F)F)(F)F)O,414.07,15,,whole body,Rat,male,5.57,4.81,1.82,intraperitoneal,single,28 d follow-up ,,,TRUE,"Heuvel et al., 1991",https://doi.org/10.1002/jbt.2570060202,
PFOA,335-67-1,C(=O)(C(C(C(C(C(C(C(F)(F)F)(F)F)(F)F)(F)F)(F)F)(F)F)(F)F)O,414.07,0.1583333333,,liver,Rat,female,5.57,4.81,1.82,intraperitoneal,single,28 d follow-up ,,,TRUE,"Heuvel et al., 1991",https://doi.org/10.1002/jbt.2570060202,
PFOA,335-67-1,C(=O)(C(C(C(C(C(C(C(F)(F)F)(F)F)(F)F)(F)F)(F)F)(F)F)(F)F)O,414.07,0.1208333333,,blood,Rat,female,5.57,4.81,1.82,intraperitoneal,single,28 d follow-up ,,,TRUE,"Heuvel et al., 1991",https://doi.org/10.1002/jbt.2570060202,
PFOA,335-67-1,C(=O)(C(C(C(C(C(C(C(F)(F)F)(F)F)(F)F)(F)F)(F)F)(F)F)(F)F)O,414.07,0.1333333333,,kidney,Rat,female,5.57,4.81,1.82,intraperitoneal,single,28 d follow-up ,,,TRUE,"Heuvel et al., 1991",https://doi.org/10.1002/jbt.2570060202,
PFOA,335-67-1,C(=O)(C(C(C(C(C(C(C(F)(F)F)(F)F)(F)F)(F)F)(F)F)(F)F)(F)F)O,414.07,1,,whole body,Rat,female,5.57,4.81,1.82,intraperitoneal,single,28 d follow-up ,,,TRUE,"Heuvel et al., 1991",https://doi.org/10.1002/jbt.2570060202,
PFHxS,355-46-4,C(C(C(C(F)(F)S(=O)(=O)O)(F)F)(F)F)(C(C(F)(F)F)(F)F)(F)F,400.12,26.9,0.37,blood serum,Rat,male,,,,oral,single,72,,0.1917808219,TRUE,"Kim et al., 2016",https://doi.org/10.1016/j.fct.2016.09.017,
PFHxS,355-46-4,C(C(C(C(F)(F)S(=O)(=O)O)(F)F)(F)F)(C(C(F)(F)F)(F)F)(F)F,400.12,20.7,3.96,blood serum,Rat,male,,,,intravenous,single,72,,0.1917808219,TRUE,"Kim et al., 2016",https://doi.org/10.1016/j.fct.2016.09.017,
PFHxS,355-46-4,C(C(C(C(F)(F)S(=O)(=O)O)(F)F)(F)F)(C(C(F)(F)F)(F)F)(F)F,400.12,1.72,0.11,blood serum,Rat,female,,,,oral,single,14,,0.1917808219,TRUE,"Kim et al., 2016",https://doi.org/10.1016/j.fct.2016.09.017,
PFHxS,355-46-4,C(C(C(C(F)(F)S(=O)(=O)O)(F)F)(F)F)(C(C(F)(F)F)(F)F)(F)F,400.12,0.88,0.07,blood serum,Rat,female,,,,intravenous,single,14,,0.1917808219,TRUE,"Kim et al., 2016",https://doi.org/10.1016/j.fct.2016.09.017,
PFOA,335-67-1,C(=O)(C(C(C(C(C(C(C(F)(F)F)(F)F)(F)F)(F)F)(F)F)(F)F)(F)F)O,414.07,1.83,0.47,blood serum,Rat,male,,,,oral,single,12,,0.1917808219,TRUE,"Kim et al., 2016",https://doi.org/10.1016/j.fct.2016.09.017,
PFOA,335-67-1,C(=O)(C(C(C(C(C(C(C(F)(F)F)(F)F)(F)F)(F)F)(F)F)(F)F)(F)F)O,414.07,1.64,0.44,blood serum,Rat,male,,,,intravenous,single,12,,0.1917808219,TRUE,"Kim et al., 2016",https://doi.org/10.1016/j.fct.2016.09.017,
PFOA,335-67-1,C(=O)(C(C(C(C(C(C(C(F)(F)F)(F)F)(F)F)(F)F)(F)F)(F)F)(F)F)O,414.07,0.15,0.01,blood serum,Rat,female,,,,oral,single,1,,0.1917808219,TRUE,"Kim et al., 2016",https://doi.org/10.1016/j.fct.2016.09.017,
PFOA,335-67-1,C(=O)(C(C(C(C(C(C(C(F)(F)F)(F)F)(F)F)(F)F)(F)F)(F)F)(F)F)O,414.07,0.19,0.01,blood serum,Rat,female,,,,intravenous,single,1,,0.1917808219,TRUE,"Kim et al., 2016",https://doi.org/10.1016/j.fct.2016.09.017,
PFOS,1763-23-1,C(C(C(C(C(F)(F)S(=O)(=O)O)(F)F)(F)F)(F)F)(C(C(C(F)(F)F)(F)F)(F)F)(F)F,500.13,26.44,2.77,blood serum,Rat,male,,,,oral,single,70,,0.1917808219,TRUE,"Kim et al., 2016",https://doi.org/10.1016/j.fct.2016.09.017,
PFOS,1763-23-1,C(C(C(C(C(F)(F)S(=O)(=O)O)(F)F)(F)F)(F)F)(C(C(C(F)(F)F)(F)F)(F)F)(F)F,500.13,28.7,1.85,blood serum,Rat,male,,,,intravenous,single,70,,0.1917808219,TRUE,"Kim et al., 2016",https://doi.org/10.1016/j.fct.2016.09.017,
PFOS,1763-23-1,C(C(C(C(C(F)(F)S(=O)(=O)O)(F)F)(F)F)(F)F)(C(C(C(F)(F)F)(F)F)(F)F)(F)F,500.13,23.5,1.75,blood serum,Rat,female,,,,oral,single,70,,0.1917808219,TRUE,"Kim et al., 2016",https://doi.org/10.1016/j.fct.2016.09.017,
PFOS,1763-23-1,C(C(C(C(C(F)(F)S(=O)(=O)O)(F)F)(F)F)(F)F)(C(C(C(F)(F)F)(F)F)(F)F)(F)F,500.13,24.8,1.52,blood serum,Rat,female,,,,intravenous,single,70,,0.1917808219,TRUE,"Kim et al., 2016",https://doi.org/10.1016/j.fct.2016.09.017,
PFOA,335-67-1,C(=O)(C(C(C(C(C(C(C(F)(F)F)(F)F)(F)F)(F)F)(F)F)(F)F)(F)F)O,414.07,5.68,,blood serum,Rat,male,5.57,4.81,1.82,intravenous,single,12 d follow-up,,0.1726027397,TRUE,"Kudo et al., 2002",https://doi.org/10.1016/s0009-2797(02)00006-6,
PFOA,335-67-1,C(=O)(C(C(C(C(C(C(C(F)(F)F)(F)F)(F)F)(F)F)(F)F)(F)F)(F)F)O,414.07,0.08,,blood serum,Rat,female,5.57,4.81,1.82,intravenous,single,12 d follow-up,,0.1726027397,TRUE,"Kudo et al., 2002",https://doi.org/10.1016/s0009-2797(02)00006-6,
PFHxS,355-46-4,C(C(C(C(F)(F)S(=O)(=O)O)(F)F)(F)F)(C(C(F)(F)F)(F)F)(F)F,400.12,2701,,blood serum,Human,male,,,,oral,repeated,26 months follow-up,,32.5,TRUE,"Li et al., 2018",https://doi.org/10.1136/oemed-2017-104651,
PFHxS,355-46-4,C(C(C(C(F)(F)S(=O)(=O)O)(F)F)(F)F)(C(C(F)(F)F)(F)F)(F)F,400.12,1715.5,,blood serum,Human,female,,,,oral,repeated,26 months follow-up,,32.5,TRUE,"Li et al., 2018",https://doi.org/10.1136/oemed-2017-104651,
PFOA,335-67-1,C(=O)(C(C(C(C(C(C(C(F)(F)F)(F)F)(F)F)(F)F)(F)F)(F)F)(F)F)O,414.07,1022,,blood serum,Human,male,,,,oral,repeated,26 months follow-up,,32.5,TRUE,"Li et al., 2018",https://doi.org/10.1136/oemed-2017-104651,
PFOA,335-67-1,C(=O)(C(C(C(C(C(C(C(F)(F)F)(F)F)(F)F)(F)F)(F)F)(F)F)(F)F)O,414.07,876,,blood serum,Human,female,,,,oral,repeated,26 months follow-up,,32.5,TRUE,"Li et al., 2018",https://doi.org/10.1136/oemed-2017-104651,
PFOS,1763-23-1,C(C(C(C(C(F)(F)S(=O)(=O)O)(F)F)(F)F)(F)F)(C(C(C(F)(F)F)(F)F)(F)F)(F)F,500.13,1679,,blood serum,Human,male,,,,oral,repeated,26 months follow-up,,32.5,TRUE,"Li et al., 2018",https://doi.org/10.1136/oemed-2017-104651,
PFOS,1763-23-1,C(C(C(C(C(F)(F)S(=O)(=O)O)(F)F)(F)F)(F)F)(C(C(C(F)(F)F)(F)F)(F)F)(F)F,500.13,1131.5,,blood serum,Human,female,,,,oral,repeated,26 months follow-up,,32.5,TRUE,"Li et al., 2018",https://doi.org/10.1136/oemed-2017-104651,
PFOA,335-67-1,C(=O)(C(C(C(C(C(C(C(F)(F)F)(F)F)(F)F)(F)F)(F)F)(F)F)(F)F)O,414.07,701,,blood,human,male,,,,oral,repeated,1460,,<14,FALSE,"Li et al., 2022",https://doi.org/10.1016/j.envint.2022.107198,
PFOA,335-67-1,C(=O)(C(C(C(C(C(C(C(F)(F)F)(F)F)(F)F)(F)F)(F)F)(F)F)(F)F)O,414.07,737,,blood,human,female,,,,oral,repeated,1460,,<14,FALSE,"Li et al., 2022",https://doi.org/10.1016/j.envint.2022.107198,
PFPeS,2706-91-4,C(C(C(F)(F)F)(F)F)(C(C(F)(F)S(=O)(=O)O)(F)F)(F)F,350.11,398,,blood,human,male,,,,oral,repeated,1460,,<14,FALSE,"Li et al., 2022",https://doi.org/10.1016/j.envint.2022.107198,
PFPeS,2706-91-4,C(C(C(F)(F)F)(F)F)(C(C(F)(F)S(=O)(=O)O)(F)F)(F)F,350.11,409,,blood,human,female,,,,oral,repeated,1460,,<14,FALSE,"Li et al., 2022",https://doi.org/10.1016/j.envint.2022.107198,
PFHxS,355-46-4,C(C(C(C(F)(F)S(=O)(=O)O)(F)F)(F)F)(C(C(F)(F)F)(F)F)(F)F,400.12,1121,,blood,human,male,,,,oral,repeated,1460,,<14,FALSE,"Li et al., 2022",https://doi.org/10.1016/j.envint.2022.107198,
PFHxS,355-46-4,C(C(C(C(F)(F)S(=O)(=O)O)(F)F)(F)F)(C(C(F)(F)F)(F)F)(F)F,400.12,1142,,blood,human,female,,,,oral,repeated,1460,,<14,FALSE,"Li et al., 2022",https://doi.org/10.1016/j.envint.2022.107198,
PFHpS,375-92-8,C(C(C(C(F)(F)F)(F)F)(F)F)(C(C(C(F)(F)S(=O)(=O)O)(F)F)(F)F)(F)F,450.12,1113,,blood,human,male,,,,oral,repeated,1460,,<14,FALSE,"Li et al., 2022",https://doi.org/10.1016/j.envint.2022.107198,
PFHpS,375-92-8,C(C(C(C(F)(F)F)(F)F)(F)F)(C(C(C(F)(F)S(=O)(=O)O)(F)F)(F)F)(F)F,450.12,1132,,blood,human,female,,,,oral,repeated,1460,,<14,FALSE,"Li et al., 2022",https://doi.org/10.1016/j.envint.2022.107198,
PFOS,1763-23-1,C(C(C(C(C(F)(F)S(=O)(=O)O)(F)F)(F)F)(F)F)(C(C(C(F)(F)F)(F)F)(F)F)(F)F,500.13,679,,blood,human,male,,,,oral,repeated,1460,,<14,FALSE,"Li et al., 2022",https://doi.org/10.1016/j.envint.2022.107198,
PFOS,1763-23-1,C(C(C(C(C(F)(F)S(=O)(=O)O)(F)F)(F)F)(F)F)(C(C(C(F)(F)F)(F)F)(F)F)(F)F,500.13,730,,blood,human,female,,,,oral,repeated,1460,,<14,FALSE,"Li et al., 2022",https://doi.org/10.1016/j.envint.2022.107198,
1m-PFOS,927670-12-0,C(C(C(C(C(F)(F)F)(F)S(=O)(=O)O)(F)F)(F)F)(C(C(C(F)(F)F)(F)F)(F)F)(F)F,500.13,1248,,blood,human,male,,,,oral,repeated,1460,,<14,FALSE,"Li et al., 2022",https://doi.org/10.1016/j.envint.2022.107198,
1m-PFOS,927670-12-0,C(C(C(C(C(F)(F)F)(F)S(=O)(=O)O)(F)F)(F)F)(C(C(C(F)(F)F)(F)F)(F)F)(F)F,500.13,1230,,blood,human,female,,,,oral,repeated,1460,,<14,FALSE,"Li et al., 2022",https://doi.org/10.1016/j.envint.2022.107198,
2m-PFOS,https://pubchem.ncbi.nlm.nih.gov/compound/102175776,C(C(C(C(C(C(F)(F)F)(F)F)(F)F)(F)F)(F)F)(C(F)(F)F)(C(F)(F)S(=O)(=O)O)F,500.13,661,,blood,human,male,,,,oral,repeated,1460,,<14,FALSE,"Li et al., 2022",https://doi.org/10.1016/j.envint.2022.107198,
2m-PFOS,https://pubchem.ncbi.nlm.nih.gov/compound/102175776,C(C(C(C(C(C(F)(F)F)(F)F)(F)F)(F)F)(F)F)(C(F)(F)F)(C(F)(F)S(=O)(=O)O)F,500.13,686,,blood,human,female,,,,oral,repeated,1460,,<14,FALSE,"Li et al., 2022",https://doi.org/10.1016/j.envint.2022.107198,
6m-PFOS,255831-20-0,C(C(C(C(C(C(F)(F)S(=O)(=O)O)(F)F)(F)F)(F)F)(F)F)(C(F)(F)F)(C(F)(F)F)F,500.13,661,,blood,human,male,,,,oral,repeated,1460,,<14,FALSE,"Li et al., 2022",https://doi.org/10.1016/j.envint.2022.107198,
6m-PFOS,255831-20-0,C(C(C(C(C(C(F)(F)S(=O)(=O)O)(F)F)(F)F)(F)F)(F)F)(C(F)(F)F)(C(F)(F)F)F,500.13,686,,blood,human,female,,,,oral,repeated,1460,,<14,FALSE,"Li et al., 2022",https://doi.org/10.1016/j.envint.2022.107198,
3m-PFOS,https://pubchem.ncbi.nlm.nih.gov/compound/102175775#section=InChI,C(C(C(C(C(F)(F)F)(F)F)(F)F)(F)F)(C(C(F)(F)S(=O)(=O)O)(F)F)(C(F)(F)F)F,500.13,847,,blood,human,male,,,,oral,repeated,1460,,<14,FALSE,"Li et al., 2022",https://doi.org/10.1016/j.envint.2022.107198,
3m-PFOS,https://pubchem.ncbi.nlm.nih.gov/compound/102175775#section=InChI,C(C(C(C(C(F)(F)F)(F)F)(F)F)(F)F)(C(C(F)(F)S(=O)(=O)O)(F)F)(C(F)(F)F)F,500.13,872,,blood,human,female,,,,oral,repeated,1460,,<14,FALSE,"Li et al., 2022",https://doi.org/10.1016/j.envint.2022.107198,
4m-PFOS,https://pubchem.ncbi.nlm.nih.gov/compound/102175774,C(C(C(C(F)(F)F)(F)F)(F)F)(C(C(C(F)(F)S(=O)(=O)O)(F)F)(F)F)(C(F)(F)F)F,500.13,847,,blood,human,male,,,,oral,repeated,1460,,<14,FALSE,"Li et al., 2022",https://doi.org/10.1016/j.envint.2022.107198,
4m-PFOS,https://pubchem.ncbi.nlm.nih.gov/compound/102175774,C(C(C(C(F)(F)F)(F)F)(F)F)(C(C(C(F)(F)S(=O)(=O)O)(F)F)(F)F)(C(F)(F)F)F,500.13,872,,blood,human,female,,,,oral,repeated,1460,,<14,FALSE,"Li et al., 2022",https://doi.org/10.1016/j.envint.2022.107198,
5m-PFOS,747385-21-3,C(C(C(C(C(F)(F)S(=O)(=O)O)(F)F)(F)F)(F)F)(C(C(F)(F)F)(F)F)(C(F)(F)F)F,500.13,847,,blood,human,male,,,,oral,repeated,1460,,<14,FALSE,"Li et al., 2022",https://doi.org/10.1016/j.envint.2022.107198,
5m-PFOS,747385-21-3,C(C(C(C(C(F)(F)S(=O)(=O)O)(F)F)(F)F)(F)F)(C(C(F)(F)F)(F)F)(C(F)(F)F)F,500.13,872,,blood,human,female,,,,oral,repeated,1460,,<14,FALSE,"Li et al., 2022",https://doi.org/10.1016/j.envint.2022.107198,
PFOA,335-67-1,C(=O)(C(C(C(C(C(C(C(F)(F)F)(F)F)(F)F)(F)F)(F)F)(F)F)(F)F)O,934.4,701,,blood,human,male,,,,oral,repeated,1460,,15-50,TRUE,"Li et al., 2022",https://doi.org/10.1016/j.envint.2022.107198,
PFOA,335-67-1,C(=O)(C(C(C(C(C(C(C(F)(F)F)(F)F)(F)F)(F)F)(F)F)(F)F)(F)F)O,886.95,737,,blood,human,female,,,,oral,repeated,1460,,15-50,TRUE,"Li et al., 2022",https://doi.org/10.1016/j.envint.2022.107198,
PFPeS,2706-91-4,C(C(C(F)(F)F)(F)F)(C(C(F)(F)S(=O)(=O)O)(F)F)(F)F,262.8,398,,blood,human,male,,,,oral,repeated,1460,,15-50,TRUE,"Li et al., 2022",https://doi.org/10.1016/j.envint.2022.107198,
PFPeS,2706-91-4,C(C(C(F)(F)F)(F)F)(C(C(F)(F)S(=O)(=O)O)(F)F)(F)F,324.85,409,,blood,human,female,,,,oral,repeated,1460,,15-50,TRUE,"Li et al., 2022",https://doi.org/10.1016/j.envint.2022.107198,
PFHxS,355-46-4,C(C(C(C(F)(F)S(=O)(=O)O)(F)F)(F)F)(C(C(F)(F)F)(F)F)(F)F,1967.35,1121,,blood,human,male,,,,oral,repeated,1460,,15-50,TRUE,"Li et al., 2022",https://doi.org/10.1016/j.envint.2022.107198,
PFHxS,355-46-4,C(C(C(C(F)(F)S(=O)(=O)O)(F)F)(F)F)(C(C(F)(F)F)(F)F)(F)F,1635.2,1142,,blood,human,female,,,,oral,repeated,1460,,15-50,TRUE,"Li et al., 2022",https://doi.org/10.1016/j.envint.2022.107198,
PFHpS,375-92-8,C(C(C(C(F)(F)F)(F)F)(F)F)(C(C(C(F)(F)S(=O)(=O)O)(F)F)(F)F)(F)F,1978.3,1113,,blood,human,male,,,,oral,repeated,1460,,15-50,TRUE,"Li et al., 2022",https://doi.org/10.1016/j.envint.2022.107198,
PFHpS,375-92-8,C(C(C(C(F)(F)F)(F)F)(F)F)(C(C(C(F)(F)S(=O)(=O)O)(F)F)(F)F)(F)F,1606,1132,,blood,human,female,,,,oral,repeated,1460,,15-50,TRUE,"Li et al., 2022",https://doi.org/10.1016/j.envint.2022.107198,
PFOS,1763-23-1,C(C(C(C(C(F)(F)S(=O)(=O)O)(F)F)(F)F)(F)F)(C(C(C(F)(F)F)(F)F)(F)F)(F)F,1069.45,679,,blood,human,male,,,,oral,repeated,1460,,15-50,TRUE,"Li et al., 2022",https://doi.org/10.1016/j.envint.2022.107198,
PFOS,1763-23-1,C(C(C(C(C(F)(F)S(=O)(=O)O)(F)F)(F)F)(F)F)(C(C(C(F)(F)F)(F)F)(F)F)(F)F,941.7,730,,blood,human,female,,,,oral,repeated,1460,,15-50,TRUE,"Li et al., 2022",https://doi.org/10.1016/j.envint.2022.107198,
1m-PFOS,927670-12-0,C(C(C(C(C(F)(F)F)(F)S(=O)(=O)O)(F)F)(F)F)(C(C(C(F)(F)F)(F)F)(F)F)(F)F,2219.2,1248,,blood,human,male,,,,oral,repeated,1460,,15-50,TRUE,"Li et al., 2022",https://doi.org/10.1016/j.envint.2022.107198,
1m-PFOS,927670-12-0,C(C(C(C(C(F)(F)F)(F)S(=O)(=O)O)(F)F)(F)F)(C(C(C(F)(F)F)(F)F)(F)F)(F)F,1726.45,1230,,blood,human,female,,,,oral,repeated,1460,,15-50,TRUE,"Li et al., 2022",https://doi.org/10.1016/j.envint.2022.107198,
2m-PFOS,https://pubchem.ncbi.nlm.nih.gov/compound/102175776,C(C(C(C(C(C(F)(F)F)(F)F)(F)F)(F)F)(F)F)(C(F)(F)F)(C(F)(F)S(=O)(=O)O)F,1062.15,661,,blood,human,male,,,,oral,repeated,1460,,15-50,TRUE,"Li et al., 2022",https://doi.org/10.1016/j.envint.2022.107198,
2m-PFOS,https://pubchem.ncbi.nlm.nih.gov/compound/102175776,C(C(C(C(C(C(F)(F)F)(F)F)(F)F)(F)F)(F)F)(C(F)(F)F)(C(F)(F)S(=O)(=O)O)F,897.9,686,,blood,human,female,,,,oral,repeated,1460,,15-50,TRUE,"Li et al., 2022",https://doi.org/10.1016/j.envint.2022.107198,
6m-PFOS,255831-20-0,C(C(C(C(C(C(F)(F)S(=O)(=O)O)(F)F)(F)F)(F)F)(F)F)(C(F)(F)F)(C(F)(F)F)F,1062.15,661,,blood,human,male,,,,oral,repeated,1460,,15-50,TRUE,"Li et al., 2022",https://doi.org/10.1016/j.envint.2022.107198,
6m-PFOS,255831-20-0,C(C(C(C(C(C(F)(F)S(=O)(=O)O)(F)F)(F)F)(F)F)(F)F)(C(F)(F)F)(C(F)(F)F)F,897.9,686,,blood,human,female,,,,oral,repeated,1460,,15-50,TRUE,"Li et al., 2022",https://doi.org/10.1016/j.envint.2022.107198,
3m-PFOS,https://pubchem.ncbi.nlm.nih.gov/compound/102175775#section=InChI,C(C(C(C(C(F)(F)F)(F)F)(F)F)(F)F)(C(C(F)(F)S(=O)(=O)O)(F)F)(C(F)(F)F)F,1474.6,847,,blood,human,male,,,,oral,repeated,1460,,15-50,TRUE,"Li et al., 2022",https://doi.org/10.1016/j.envint.2022.107198,
3m-PFOS,https://pubchem.ncbi.nlm.nih.gov/compound/102175775#section=InChI,C(C(C(C(C(F)(F)F)(F)F)(F)F)(F)F)(C(C(F)(F)S(=O)(=O)O)(F)F)(C(F)(F)F)F,1164.35,872,,blood,human,female,,,,oral,repeated,1460,,15-50,TRUE,"Li et al., 2022",https://doi.org/10.1016/j.envint.2022.107198,
4m-PFOS,https://pubchem.ncbi.nlm.nih.gov/compound/102175774,C(C(C(C(F)(F)F)(F)F)(F)F)(C(C(C(F)(F)S(=O)(=O)O)(F)F)(F)F)(C(F)(F)F)F,1474.6,847,,blood,human,male,,,,oral,repeated,1460,,15-50,TRUE,"Li et al., 2022",https://doi.org/10.1016/j.envint.2022.107198,
4m-PFOS,https://pubchem.ncbi.nlm.nih.gov/compound/102175774,C(C(C(C(F)(F)F)(F)F)(F)F)(C(C(C(F)(F)S(=O)(=O)O)(F)F)(F)F)(C(F)(F)F)F,1164.35,872,,blood,human,female,,,,oral,repeated,1460,,15-50,TRUE,"Li et al., 2022",https://doi.org/10.1016/j.envint.2022.107198,
5m-PFOS,747385-21-3,C(C(C(C(C(F)(F)S(=O)(=O)O)(F)F)(F)F)(F)F)(C(C(F)(F)F)(F)F)(C(F)(F)F)F,1474.6,847,,blood,human,male,,,,oral,repeated,1460,,15-50,TRUE,"Li et al., 2022",https://doi.org/10.1016/j.envint.2022.107198,
5m-PFOS,747385-21-3,C(C(C(C(C(F)(F)S(=O)(=O)O)(F)F)(F)F)(F)F)(C(C(F)(F)F)(F)F)(C(F)(F)F)F,1164.35,872,,blood,human,female,,,,oral,repeated,1460,,15-50,TRUE,"Li et al., 2022",https://doi.org/10.1016/j.envint.2022.107198,
PFOA,335-67-1,C(=O)(C(C(C(C(C(C(C(F)(F)F)(F)F)(F)F)(F)F)(F)F)(F)F)(F)F)O,1266.55,701,,blood,human,male,,,,oral,repeated,1460,,>50,TRUE,"Li et al., 2022",https://doi.org/10.1016/j.envint.2022.107198,
PFOA,335-67-1,C(=O)(C(C(C(C(C(C(C(F)(F)F)(F)F)(F)F)(F)F)(F)F)(F)F)(F)F)O,1324.95,737,,blood,human,female,,,,oral,repeated,1460,,>50,TRUE,"Li et al., 2022",https://doi.org/10.1016/j.envint.2022.107198,
PFPeS,2706-91-4,C(C(C(F)(F)F)(F)F)(C(C(F)(F)S(=O)(=O)O)(F)F)(F)F,489.1,398,,blood,human,male,,,,oral,repeated,1460,,>50,TRUE,"Li et al., 2022",https://doi.org/10.1016/j.envint.2022.107198,
PFPeS,2706-91-4,C(C(C(F)(F)F)(F)F)(C(C(F)(F)S(=O)(=O)O)(F)F)(F)F,511,409,,blood,human,female,,,,oral,repeated,1460,,>50,TRUE,"Li et al., 2022",https://doi.org/10.1016/j.envint.2022.107198,
PFHxS,355-46-4,C(C(C(C(F)(F)S(=O)(=O)O)(F)F)(F)F)(C(C(F)(F)F)(F)F)(F)F,2357.9,1121,,blood,human,male,,,,oral,repeated,1460,,>50,TRUE,"Li et al., 2022",https://doi.org/10.1016/j.envint.2022.107198,
PFHxS,355-46-4,C(C(C(C(F)(F)S(=O)(=O)O)(F)F)(F)F)(C(C(F)(F)F)(F)F)(F)F,2445.5,1142,,blood,human,female,,,,oral,repeated,1460,,>50,TRUE,"Li et al., 2022",https://doi.org/10.1016/j.envint.2022.107198,
PFHpS,375-92-8,C(C(C(C(F)(F)F)(F)F)(F)F)(C(C(C(F)(F)S(=O)(=O)O)(F)F)(F)F)(F)F,2580.55,1113,,blood,human,male,,,,oral,repeated,1460,,>50,TRUE,"Li et al., 2022",https://doi.org/10.1016/j.envint.2022.107198,
PFHpS,375-92-8,C(C(C(C(F)(F)F)(F)F)(F)F)(C(C(C(F)(F)S(=O)(=O)O)(F)F)(F)F)(F)F,2686.4,1132,,blood,human,female,,,,oral,repeated,1460,,>50,TRUE,"Li et al., 2022",https://doi.org/10.1016/j.envint.2022.107198,
PFOS,1763-23-1,C(C(C(C(C(F)(F)S(=O)(=O)O)(F)F)(F)F)(F)F)(C(C(C(F)(F)F)(F)F)(F)F)(F)F,1339.55,679,,blood,human,male,,,,oral,repeated,1460,,>50,TRUE,"Li et al., 2022",https://doi.org/10.1016/j.envint.2022.107198,
PFOS,1763-23-1,C(C(C(C(C(F)(F)S(=O)(=O)O)(F)F)(F)F)(F)F)(C(C(C(F)(F)F)(F)F)(F)F)(F)F,1215.45,730,,blood,human,female,,,,oral,repeated,1460,,>50,TRUE,"Li et al., 2022",https://doi.org/10.1016/j.envint.2022.107198,
1m-PFOS,927670-12-0,C(C(C(C(C(F)(F)F)(F)S(=O)(=O)O)(F)F)(F)F)(C(C(C(F)(F)F)(F)F)(F)F)(F)F,2281.25,1248,,blood,human,male,,,,oral,repeated,1460,,>50,TRUE,"Li et al., 2022",https://doi.org/10.1016/j.envint.2022.107198,
1m-PFOS,927670-12-0,C(C(C(C(C(F)(F)F)(F)S(=O)(=O)O)(F)F)(F)F)(C(C(C(F)(F)F)(F)F)(F)F)(F)F,1726.45,1230,,blood,human,female,,,,oral,repeated,1460,,>50,TRUE,"Li et al., 2022",https://doi.org/10.1016/j.envint.2022.107198,
2m-PFOS,https://pubchem.ncbi.nlm.nih.gov/compound/102175776,C(C(C(C(C(C(F)(F)F)(F)F)(F)F)(F)F)(F)F)(C(F)(F)F)(C(F)(F)S(=O)(=O)O)F,1346.85,661,,blood,human,male,,,,oral,repeated,1460,,>50,TRUE,"Li et al., 2022",https://doi.org/10.1016/j.envint.2022.107198,
2m-PFOS,https://pubchem.ncbi.nlm.nih.gov/compound/102175776,C(C(C(C(C(C(F)(F)F)(F)F)(F)F)(F)F)(F)F)(C(F)(F)F)(C(F)(F)S(=O)(=O)O)F,1186.25,686,,blood,human,female,,,,oral,repeated,1460,,>50,TRUE,"Li et al., 2022",https://doi.org/10.1016/j.envint.2022.107198,
6m-PFOS,255831-20-0,C(C(C(C(C(C(F)(F)S(=O)(=O)O)(F)F)(F)F)(F)F)(F)F)(C(F)(F)F)(C(F)(F)F)F,1346.85,661,,blood,human,male,,,,oral,repeated,1460,,>50,TRUE,"Li et al., 2022",https://doi.org/10.1016/j.envint.2022.107198,
6m-PFOS,255831-20-0,C(C(C(C(C(C(F)(F)S(=O)(=O)O)(F)F)(F)F)(F)F)(F)F)(C(F)(F)F)(C(F)(F)F)F,1186.25,686,,blood,human,female,,,,oral,repeated,1460,,>50,TRUE,"Li et al., 2022",https://doi.org/10.1016/j.envint.2022.107198,
3m-PFOS,https://pubchem.ncbi.nlm.nih.gov/compound/102175775#section=InChI,C(C(C(C(C(F)(F)F)(F)F)(F)F)(F)F)(C(C(F)(F)S(=O)(=O)O)(F)F)(C(F)(F)F)F,1700.9,847,,blood,human,male,,,,oral,repeated,1460,,>50,TRUE,"Li et al., 2022",https://doi.org/10.1016/j.envint.2022.107198,
3m-PFOS,https://pubchem.ncbi.nlm.nih.gov/compound/102175775#section=InChI,C(C(C(C(C(F)(F)F)(F)F)(F)F)(F)F)(C(C(F)(F)S(=O)(=O)O)(F)F)(C(F)(F)F)F,1613.3,872,,blood,human,female,,,,oral,repeated,1460,,>50,TRUE,"Li et al., 2022",https://doi.org/10.1016/j.envint.2022.107198,
4m-PFOS,https://pubchem.ncbi.nlm.nih.gov/compound/102175774,C(C(C(C(F)(F)F)(F)F)(F)F)(C(C(C(F)(F)S(=O)(=O)O)(F)F)(F)F)(C(F)(F)F)F,1700.9,847,,blood,human,male,,,,oral,repeated,1460,,>50,TRUE,"Li et al., 2022",https://doi.org/10.1016/j.envint.2022.107198,
4m-PFOS,https://pubchem.ncbi.nlm.nih.gov/compound/102175774,C(C(C(C(F)(F)F)(F)F)(F)F)(C(C(C(F)(F)S(=O)(=O)O)(F)F)(F)F)(C(F)(F)F)F,1613.3,872,,blood,human,female,,,,oral,repeated,1460,,>50,TRUE,"Li et al., 2022",https://doi.org/10.1016/j.envint.2022.107198,
5m-PFOS,747385-21-3,C(C(C(C(C(F)(F)S(=O)(=O)O)(F)F)(F)F)(F)F)(C(C(F)(F)F)(F)F)(C(F)(F)F)F,1700.9,847,,blood,human,male,,,,oral,repeated,1460,,>50,TRUE,"Li et al., 2022",https://doi.org/10.1016/j.envint.2022.107198,
5m-PFOS,747385-21-3,C(C(C(C(C(F)(F)S(=O)(=O)O)(F)F)(F)F)(F)F)(C(C(F)(F)F)(F)F)(C(F)(F)F)F,1613.3,872,,blood,human,female,,,,oral,repeated,1460,,>50,TRUE,"Li et al., 2022",https://doi.org/10.1016/j.envint.2022.107198,
PFOS,1763-23-1,C(C(C(C(C(F)(F)S(=O)(=O)O)(F)F)(F)F)(F)F)(C(C(C(F)(F)F)(F)F)(F)F)(F)F,500.13,106,23.1,blood serum,Heifer,female,,,,oral,single,343,308.1,,TRUE,"Lupton et al., 2015",https://doi.org/10.1021/acs.jafc.5b04565,
PFOS,1763-23-1,C(C(C(C(C(F)(F)S(=O)(=O)O)(F)F)(F)F)(F)F)(C(C(C(F)(F)F)(F)F)(F)F)(F)F,500.13,120,4.1,blood serum,Steer,male,,,,oral,single,343,307.3,,TRUE,"Lupton et al., 2015",https://doi.org/10.1021/acs.jafc.5b04565,
PFBS,375-73-5,C(C(C(F)(F)S(=O)(=O)O)(F)F)(C(F)(F)F)(F)F,300.10 ,43,ok,blood serum,pig,male/female,1.94,1.82,-1.56,oral,repeated daily,21,83000,,TRUE,"Numata et al., 2014",https://doi.org/10.1021/jf405827u,ok
PFHpA,375-85-9,C(=O)(C(C(C(C(C(C(F)(F)F)(F)F)(F)F)(F)F)(F)F)(F)F)O,364.06,74,ok,blood serum,pig,male/female,4.86,4.15,1.11,oral,repeated daily,21,83000,,TRUE,"Numata et al., 2014",https://doi.org/10.1021/jf405827u,ok
PFHpS,375-92-8,OS(=O)(=O)C(F)(F)C(F)(F)C(F)(F)C(F)(F)C(F)(F)C(F)(F)C(F)(F)F,450.12,411,ok,blood serum,pig,male/female,3.61,3.82,0.11,oral,repeated daily,21,83000,,TRUE,"Numata et al., 2014",https://doi.org/10.1021/jf405827u,ok
PFHxA,307-24-4,C(=O)(C(C(C(C(C(F)(F)F)(F)F)(F)F)(F)F)(F)F)O,314.05,4.1,ok,blood serum,pig,male/female,3.9,3.48,0.15,oral,repeated daily,21,83000,,TRUE,"Numata et al., 2014",https://doi.org/10.1021/jf405827u,ok
PFHxS,355-46-4,C(C(C(C(F)(F)S(=O)(=O)O)(F)F)(F)F)(C(C(F)(F)F)(F)F)(F)F,400.12,713,ok,blood serum,Pig,male/female,2.96,3.16,-0.54,oral,repeated daily,21,83000,,TRUE,"Numata et al., 2014",https://doi.org/10.1021/jf405827u,ok
PFOA,335-67-1,C(=O)(C(C(C(C(C(C(C(F)(F)F)(F)F)(F)F)(F)F)(F)F)(F)F)(F)F)O,414.07,236,ok,blood serum,Pig,male/female,5.57,4.81,1.82,oral,repeated daily,21,83000,,TRUE,"Numata et al., 2014",https://doi.org/10.1021/jf405827u,ok
PFOS ,1763-23-1,C(C(C(C(C(F)(F)S(=O)(=O)O)(F)F)(F)F)(F)F)(C(C(C(F)(F)F)(F)F)(F)F)(F)F,500.13,634,ok,blood serum,Pig,male/female,4.16,4.49,0.66,oral,repeated daily,21,83000,,TRUE,"Numata et al., 2014",https://doi.org/10.1021/jf405827u,ok
PFDA,335-76-1,C(=O)(C(C(C(C(C(C(C(C(C(F)(F)F)(F)F)(F)F)(F)F)(F)F)(F)F)(F)F)(F)F)(F)F)O,514.08,58.57,,blood plasma,rat,female,7.37,6.15,3.62,intravenous,single,3 d follow-up,,,TRUE,"Ohmori et al., 2003",https://doi.org/10.1016/s0300-483x(02)00573-5,ok
PFDA,335-76-1,C(=O)(C(C(C(C(C(C(C(C(C(F)(F)F)(F)F)(F)F)(F)F)(F)F)(F)F)(F)F)(F)F)(F)F)O,514.08,39.92,,blood plasma,rat,male,7.37,6.15,3.62,intravenous,single,3 d follow-up,,,TRUE,"Ohmori et al., 2003",https://doi.org/10.1016/s0300-483x(02)00573-5,ok
PFHpA,375-85-9,C(=O)(C(C(C(C(C(C(F)(F)F)(F)F)(F)F)(F)F)(F)F)(F)F)O,364.06,0.1,,blood plasma,rat,male,4.86,4.15,1.11,intravenous,single,3 d follow-up,,,TRUE,"Ohmori et al., 2003",https://doi.org/10.1016/s0300-483x(02)00573-5,ok
PFHpA,375-85-9,C(=O)(C(C(C(C(C(C(F)(F)F)(F)F)(F)F)(F)F)(F)F)(F)F)O,364.06,0.05,,blood plasma,rat,female,4.86,4.15,1.11,intravenous,single,3 d follow-up,,,TRUE,"Ohmori et al., 2003",https://doi.org/10.1016/s0300-483x(02)00573-5,ok
PFNA,375-95-1,C(=O)(C(C(C(C(C(C(C(C(F)(F)F)(F)F)(F)F)(F)F)(F)F)(F)F)(F)F)(F)F)O,464.08,29.57,,blood plasma,Rat,male,6.59,5.48,2.84,intravenous,single,3 d follow-up,,,TRUE,"Ohmori et al., 2003",https://doi.org/10.1016/s0300-483x(02)00573-5,ok
PFNA,375-95-1,C(=O)(C(C(C(C(C(C(C(C(F)(F)F)(F)F)(F)F)(F)F)(F)F)(F)F)(F)F)(F)F)O,464.08,2.44,,blood plasma,Rat,female,6.59,5.48,2.84,intravenous,single,3 d follow-up,,,TRUE,"Ohmori et al., 2003",https://doi.org/10.1016/s0300-483x(02)00573-5,ok
PFOA,335-67-1,C(=O)(C(C(C(C(C(C(C(F)(F)F)(F)F)(F)F)(F)F)(F)F)(F)F)(F)F)O,414.07,5.63,,blood plasma,Rat,male,5.57,4.81,1.82,intravenous,single,3 d follow-up,,,TRUE,"Ohmori et al., 2003",https://doi.org/10.1016/s0300-483x(02)00573-5,ok
PFOA,335-67-1,C(=O)(C(C(C(C(C(C(C(F)(F)F)(F)F)(F)F)(F)F)(F)F)(F)F)(F)F)O,414.07,0.08,,blood plasma,Rat,female,5.57,4.81,1.82,intravenous,single,3 d follow-up,,,TRUE,"Ohmori et al., 2003",https://doi.org/10.1016/s0300-483x(02)00573-5,ok
PFHxS,355-46-4,C(C(C(C(F)(F)S(=O)(=O)O)(F)F)(F)F)(C(C(F)(F)F)(F)F)(F)F,400.12,3109,,blood serum,human,male/female,2.96,3.16,-0.54,occupational,continuous ,"5.0 y (range 3.1-5.3 y) for follow-up (exposure time 31 y, 20-36 y, retired 2.6 y, 0.4-11.5 y)",,61,TRUE,"Olsen et al., 2007",https://doi.org/10.1289/ehp.10009,ok
PFOA,335-67-1,C(=O)(C(C(C(C(C(C(C(F)(F)F)(F)F)(F)F)(F)F)(F)F)(F)F)(F)F)O,414.07,1378,,blood serum,Human,male/female,5.57,4.81,1.82,occupational,continuous,"5.0 y (range 3.1-5.3 y) for follow-up (exposure time 31 y, 20-36 y, retired 2.6 y, 0.4-11.5 y)",,61 y (55-75 y),TRUE,"Olsen et al., 2007",https://doi.org/10.1289/ehp.10009,ok
PFOS ,1763-23-1,C(C(C(C(C(F)(F)S(=O)(=O)O)(F)F)(F)F)(F)F)(C(C(C(F)(F)F)(F)F)(F)F)(F)F,500.13,1976,,blood serum,Human,male/female,4.16,4.49,0.66,occupational,continuous ,"5.0 y (range 3.1-5.3 y) for follow-up (exposure time 31 y, 20-36 y, retired 2.6 y, 0.4-11.5 y)",,61,TRUE,"Olsen et al., 2007",https://doi.org/10.1289/ehp.10009,ok
PFBS,375-73-5,C(C(C(F)(F)S(=O)(=O)O)(F)F)(C(F)(F)F)(F)F,300.10 ,45.7,,blood serum,human,female,1.94,1.82,-1.56,occupational,continuous,152 (not exposed to the test substance during that time),,,TRUE,"Olsen et al., 2009",https://doi.org/10.1016/j.tox.2008.11.008,ok
PFBS,375-73-5,C(C(C(F)(F)S(=O)(=O)O)(F)F)(C(F)(F)F)(F)F,300.10 ,24.1,,blood serum,human,male,1.94,1.82,-1.56,occupational,continuous,152 (not exposed to the test substance during that time),,,TRUE,"Olsen et al., 2009",https://doi.org/10.1016/j.tox.2008.11.008,ok
PFBS,375-73-5,C(C(C(F)(F)S(=O)(=O)O)(F)F)(C(F)(F)F)(F)F,300.10 ,3.47,,blood serum,monkey,female,1.94,1.82,-1.56,intravenous,single,31,,,FALSE,"Olsen et al., 2009",https://doi.org/10.1016/j.tox.2008.11.008,ok
PFBS,375-73-5,C(C(C(F)(F)S(=O)(=O)O)(F)F)(C(F)(F)F)(F)F,300.10 ,3.97,,blood serum,monkey,male,1.94,1.82,-1.56,intravenous,single,31,,,FALSE,"Olsen et al., 2009",https://doi.org/10.1016/j.tox.2008.11.008,ok
PFBS,375-73-5,C(C(C(F)(F)S(=O)(=O)O)(F)F)(C(F)(F)F)(F)F,300.10 ,0.31,,blood serum,rat,female,1.94,1.82,-1.56,oral,single,1,225,0.1726027397,TRUE,"Olsen et al., 2009",https://doi.org/10.1016/j.tox.2008.11.008,ok
PFBS,375-73-5,C(C(C(F)(F)S(=O)(=O)O)(F)F)(C(F)(F)F)(F)F,300.10 ,0.2,,blood serum,rat,male,1.94,1.82,-1.56,oral,single,1,225,0.1726027397,TRUE,"Olsen et al., 2009",https://doi.org/10.1016/j.tox.2008.11.008,ok
PFBS,375-73-5,C(C(C(F)(F)S(=O)(=O)O)(F)F)(C(F)(F)F)(F)F,300.10 ,0.19,,blood serum,rat,male,1.94,1.82,-1.56,intravenous,single,1,225,0.1726027397,TRUE,"Olsen et al., 2009",https://doi.org/10.1016/j.tox.2008.11.008,ok
PFBS,375-73-5,C(C(C(F)(F)S(=O)(=O)O)(F)F)(C(F)(F)F)(F)F,300.10 ,0.17,,blood serum,rat,female,1.94,1.82,-1.56,intravenous,single,1,225,0.1726027397,TRUE,"Olsen et al., 2009",https://doi.org/10.1016/j.tox.2008.11.008,ok
PFHxA,307-24-4,C(=O)(C(C(C(C(C(F)(F)F)(F)F)(F)F)(F)F)(F)F)O,314.05,32,,blood serum,human,male,3.9,3.48,0.15,occupational,continuous ,"4 years (preseason, season and postseason samples)",,,TRUE,"Russell et al., 2013",https://doi.org/10.1016/j.chemosphere.2013.08.060,ok
6:2Cl-PFESA/C8 Cl-PFESA,756426-58-1,C(C(C(C(F)(F)Cl)(F)F)(F)F)(C(C(OC(C(F)(F)S(=O)(=O)O)(F)F)(F)F)(F)F)(F)F,532.58,6752.5,,blood serum,human,male/female,,,,occupational,continuous ,>6 years,,,TRUE,"Shi et al., 2016",https://doi.org/10.1021/acs.est.5b05849,ok
PFHxS,355-46-4,C(C(C(C(F)(F)S(=O)(=O)O)(F)F)(F)F)(C(C(F)(F)F)(F)F)(F)F,400.12,141,,blood serum,monkey,male,2.96,3.16,-0.54,intravenous,single,171 d follow-up,,,TRUE,"Sundström et al., 2012",https://doi.org/10.1016/j.reprotox.2011.07.004,ok
PFHxS,355-46-4,C(C(C(C(F)(F)S(=O)(=O)O)(F)F)(F)F)(C(C(F)(F)F)(F)F)(F)F,400.12,87,,blood serum,monkey,female,2.96,3.16,-0.54,intravenous,single,171 d follow-up,,,TRUE,"Sundström et al., 2012",https://doi.org/10.1016/j.reprotox.2011.07.004,ok
PFHxS,355-46-4,C(C(C(C(F)(F)S(=O)(=O)O)(F)F)(F)F)(C(C(F)(F)F)(F)F)(F)F,400.12,24.82,,blood serum,Mouse,female,2.96,3.16,-0.54,oral,single,23 weeks follow-up,,0.1726027397,TRUE,"Sundström et al., 2012",https://doi.org/10.1016/j.reprotox.2011.07.004,ok
PFHxS,355-46-4,C(C(C(C(F)(F)S(=O)(=O)O)(F)F)(F)F)(C(C(F)(F)F)(F)F)(F)F,400.12,26.81,,blood serum,Mouse,female,2.96,3.16,-0.54,oral,single,23 weeks follow-up,,0.1726027397,TRUE,"Sundström et al., 2012",https://doi.org/10.1016/j.reprotox.2011.07.004,ok
PFHxS,355-46-4,C(C(C(C(F)(F)S(=O)(=O)O)(F)F)(F)F)(C(C(F)(F)F)(F)F)(F)F,400.12,27.97,,blood serum,Mouse,male,2.96,3.16,-0.54,oral,single,23 weeks follow-up,,0.1726027397,TRUE,"Sundström et al., 2012",https://doi.org/10.1016/j.reprotox.2011.07.004,ok
PFHxS,355-46-4,C(C(C(C(F)(F)S(=O)(=O)O)(F)F)(F)F)(C(C(F)(F)F)(F)F)(F)F,400.12,30.5,,blood serum,Mouse,male,2.96,3.16,-0.54,oral,single,23 weeks follow-up,,0.1726027397,TRUE,"Sundström et al., 2012",https://doi.org/10.1016/j.reprotox.2011.07.004,ok
PFHxS,355-46-4,C(C(C(C(F)(F)S(=O)(=O)O)(F)F)(F)F)(C(C(F)(F)F)(F)F)(F)F,400.12,1.64,,blood serum,Rat,female,2.96,3.16,-0.54,intravenous,single,10 weeks follow-up,,0.1726027397,TRUE,"Sundström et al., 2012",https://doi.org/10.1016/j.reprotox.2011.07.004,ok
PFHxS,355-46-4,C(C(C(C(F)(F)S(=O)(=O)O)(F)F)(F)F)(C(C(F)(F)F)(F)F)(F)F,400.12,0.96,,blood serum,Rat,male,2.96,3.16,-0.54,intravenous,single,10 weeks follow-up,,0.1726027397,TRUE,"Sundström et al., 2012",https://doi.org/10.1016/j.reprotox.2011.07.004,ok
PFHxS,355-46-4,C(C(C(C(F)(F)S(=O)(=O)O)(F)F)(F)F)(C(C(F)(F)F)(F)F)(F)F,400.12,0.073,,blood serum,Rat,female,2.96,3.16,-0.54,oral,single,24h follow-up,,0.1726027397,TRUE,"Sundström et al., 2012",https://doi.org/10.1016/j.reprotox.2011.07.004,ok
PFNA,375-95-1,C(=O)(C(C(C(C(C(C(C(C(F)(F)F)(F)F)(F)F)(F)F)(F)F)(F)F)(F)F)(F)F)O,464.08,25.7,,blood serum,Mouse,female,6.59,5.48,2.84,oral,single,50 d follow-up,,,TRUE,"Tatum-Gibbs et al., 2011",https://doi.org/10.1016/j.tox.2011.01.003,ok
PFNA,375-95-1,C(=O)(C(C(C(C(C(C(C(C(F)(F)F)(F)F)(F)F)(F)F)(F)F)(F)F)(F)F)(F)F)O,464.08,68.8,,blood serum,Mouse,female,6.59,5.48,2.84,oral,single,50 d follow-up,,,TRUE,"Tatum-Gibbs et al., 2011",https://doi.org/10.1016/j.tox.2011.01.003,ok
PFNA,375-95-1,C(=O)(C(C(C(C(C(C(C(C(F)(F)F)(F)F)(F)F)(F)F)(F)F)(F)F)(F)F)(F)F)O,464.08,34.4,,blood serum,Mouse,male,6.59,5.48,2.84,oral,single,50 d follow-up,,,TRUE,"Tatum-Gibbs et al., 2011",https://doi.org/10.1016/j.tox.2011.01.003,ok
PFNA,375-95-1,C(=O)(C(C(C(C(C(C(C(C(F)(F)F)(F)F)(F)F)(F)F)(F)F)(F)F)(F)F)(F)F)O,464.08,228,,blood serum,Mouse,male,6.59,5.48,2.84,oral,single,50 d follow-up,,,TRUE,"Tatum-Gibbs et al., 2011",https://doi.org/10.1016/j.tox.2011.01.003,ok
PFNA,375-95-1,C(=O)(C(C(C(C(C(C(C(C(F)(F)F)(F)F)(F)F)(F)F)(F)F)(F)F)(F)F)(F)F)O,464.08,42.1,,blood serum,Rat,male,6.59,5.48,2.84,oral,single,42 d follow-up,,0.2109589041,TRUE,"Tatum-Gibbs et al., 2011",https://doi.org/10.1016/j.tox.2011.01.003,ok
PFNA,375-95-1,C(=O)(C(C(C(C(C(C(C(C(F)(F)F)(F)F)(F)F)(F)F)(F)F)(F)F)(F)F)(F)F)O,464.08,32,,blood serum,Rat,female,6.59,5.48,2.84,oral,single,42 d follow-up,,0.2109589041,TRUE,"Tatum-Gibbs et al., 2011",https://doi.org/10.1016/j.tox.2011.01.003,ok
PFNA,375-95-1,C(=O)(C(C(C(C(C(C(C(C(F)(F)F)(F)F)(F)F)(F)F)(F)F)(F)F)(F)F)(F)F)O,464.08,28,,blood serum,Rat,male,6.59,5.48,2.84,oral,single,42 d follow-up,,0.2109589041,TRUE,"Tatum-Gibbs et al., 2011",https://doi.org/10.1016/j.tox.2011.01.003,ok
1m-PFOS,927670-12-0,C(C(C(C(C(F)(F)F)(F)S(=O)(=O)O)(F)F)(F)F)(C(C(C(F)(F)F)(F)F)(F)F)(F)F,500.13,463.55,,blood serum,human,male/female,,,,occupational,continuous ,,,,TRUE,"Xu et al., 2020",https://doi.org/10.1289/EHP6785,ok
2m-PFOS,https://pubchem.ncbi.nlm.nih.gov/compound/102175776,C(C(C(C(C(C(F)(F)F)(F)F)(F)F)(F)F)(F)F)(C(F)(F)F)(C(F)(F)S(=O)(=O)O)F,500.13,379.6,,blood serum,human,male/female,,,,occupational,continuous ,,,,TRUE,"Xu et al., 2020",https://doi.org/10.1289/EHP6785,ok
6m-PFOS,255831-20-0,C(C(C(C(C(C(F)(F)S(=O)(=O)O)(F)F)(F)F)(F)F)(F)F)(C(F)(F)F)(C(F)(F)F)F,500.13,379.6,,blood serum,human,male/female,,,,occupational,continuous ,,,,TRUE,"Xu et al., 2020",https://doi.org/10.1289/EHP6785,ok
3m-PFOS,https://pubchem.ncbi.nlm.nih.gov/compound/102175775#section=InChI,C(C(C(C(C(F)(F)F)(F)F)(F)F)(F)F)(C(C(F)(F)S(=O)(=O)O)(F)F)(C(F)(F)F)F,500.13,397.85,,blood serum,human,male/female,,,,occupational,continuous ,,,,TRUE,"Xu et al., 2020",https://doi.org/10.1289/EHP6785,ok
4m-PFOS,https://pubchem.ncbi.nlm.nih.gov/compound/102175774,C(C(C(C(F)(F)F)(F)F)(F)F)(C(C(C(F)(F)S(=O)(=O)O)(F)F)(F)F)(C(F)(F)F)F,500.13,397.85,,blood serum,human,male/female,,,,occupational,continuous ,,,,TRUE,"Xu et al., 2020",https://doi.org/10.1289/EHP6785,ok
5m-PFOS,747385-21-3,C(C(C(C(C(F)(F)S(=O)(=O)O)(F)F)(F)F)(F)F)(C(C(F)(F)F)(F)F)(C(F)(F)F)F,500.13,397.85,,blood serum,human,male/female,,,,occupational,continuous ,,,,TRUE,"Xu et al., 2020",https://doi.org/10.1289/EHP6785,ok
PFBS,375-73-5,C(C(C(F)(F)S(=O)(=O)O)(F)F)(C(F)(F)F)(F)F,300.10 ,43.8,,blood serum,human,male/female,,,,occupational,continuous ,,,,TRUE,"Xu et al., 2020",https://doi.org/10.1289/EHP6785,ok
PFHpA,375-85-9,C(=O)(C(C(C(C(C(C(F)(F)F)(F)F)(F)F)(F)F)(F)F)(F)F)O,364.06,62.05,,blood serum,human,male/female,,,,occupational,continuous ,,,,TRUE,"Xu et al., 2020",https://doi.org/10.1289/EHP6785,ok
PFHpS,375-92-8,C(C(C(C(F)(F)F)(F)F)(F)F)(C(C(C(F)(F)S(=O)(=O)O)(F)F)(F)F)(F)F,450.12,532.9,,blood serum,human,male/female,,,,occupational,continuous ,,,,TRUE,"Xu et al., 2020",https://doi.org/10.1289/EHP6785,ok
PFHxA,307-24-4,C(=O)(C(C(C(C(C(F)(F)F)(F)F)(F)F)(F)F)(F)F)O,314.05,594.95,,blood serum,human,male/female,,,,occupational,continuous ,,,,TRUE,"Xu et al., 2020",https://doi.org/10.1289/EHP6785,ok
PFHxS,355-46-4,C(C(C(C(F)(F)S(=O)(=O)O)(F)F)(F)F)(C(C(F)(F)F)(F)F)(F)F,400.12,1043.9,,blood serum,human,male/female,,,,occupational,continuous ,,,,TRUE,"Xu et al., 2020",https://doi.org/10.1289/EHP6785,ok
PFOA,335-67-1,C(=O)(C(C(C(C(C(C(C(F)(F)F)(F)F)(F)F)(F)F)(F)F)(F)F)(F)F)O,414.07,646.05,,blood serum,human,male/female,,,,occupational,continuous ,,,,TRUE,"Xu et al., 2020",https://doi.org/10.1289/EHP6785,ok
PFOS,1763-23-1,C(C(C(C(C(F)(F)S(=O)(=O)O)(F)F)(F)F)(F)F)(C(C(C(F)(F)F)(F)F)(F)F)(F)F,500.13,1062.15,,blood serum,human,male/female,,,,occupational,continuous ,,,,TRUE,"Xu et al., 2020",https://doi.org/10.1289/EHP6785,ok
PFPeS,2706-91-4,C(C(C(F)(F)F)(F)F)(C(C(F)(F)S(=O)(=O)O)(F)F)(F)F,350.11,229.95,,blood serum,human,male/female,,,,occupational,continuous ,,,,TRUE,"Xu et al., 2020",https://doi.org/10.1289/EHP6785,ok
PFMOAA,674-13-5,C(=O)(C(OC(F)(F)F)(F)F)O,180.03,80.7,,"blood, urine, milk",Human,male/female,,,,pollution,continuous ,,,,TRUE,"Yao et al., 2023",https://doi.org/10.1289/EHP1140,ok
PFO2HxA,39492-88-1,C(=O)(C(OC(OC(F)(F)F)(F)F)(F)F)O,246.04 ,27.4,,"blood, urine, milk",Human,male/female,,,,pollution,continuous ,,,,TRUE,"Yao et al., 2023",https://doi.org/10.1289/EHP1140,ok
PFO3OA ,39492-89-2,C(=O)(C(OC(OC(OC(F)(F)F)(F)F)(F)F)(F)F)O,312.04,111.0,,"blood, urine, milk",Human,male/female,,,,pollution,continuous ,,,,TRUE,"Yao et al., 2023",https://doi.org/10.1289/EHP1140,ok
PFDA,335-76-1,C(=O)(C(C(C(C(C(C(C(C(C(F)(F)F)(F)F)(F)F)(F)F)(F)F)(F)F)(F)F)(F)F)(F)F)O,514.08,4380,,whole body (blood/urine combined),human,male/female,7.37,6.15,3.62,pollution,continuous ,,,,TRUE,"Zhang et al., 2013",https://doi.org/10.1021/es401905e,ok
PFDA,335-76-1,C(=O)(C(C(C(C(C(C(C(C(C(F)(F)F)(F)F)(F)F)(F)F)(F)F)(F)F)(F)F)(F)F)(F)F)O,514.08,1642.5,,whole body (blood/urine combined),human,female,7.37,6.15,3.62,pollution,continuous ,,,,TRUE,"Zhang et al., 2013",https://doi.org/10.1021/es401905e,ok
PFHpA,375-85-9,C(=O)(C(C(C(C(C(C(F)(F)F)(F)F)(F)F)(F)F)(F)F)(F)F)O,364.06,438,,whole body (blood/urine combined),human,male/female,4.86,4.15,1.11,pollution,continuous ,,,,TRUE,"Zhang et al., 2013",https://doi.org/10.1021/es401905e,ok
PFHpA,375-85-9,C(=O)(C(C(C(C(C(C(F)(F)F)(F)F)(F)F)(F)F)(F)F)(F)F)O,364.06,547.5,,whole body (blood/urine combined),human,female,4.86,4.15,1.11,pollution,continuous ,,,,TRUE,"Zhang et al., 2013",https://doi.org/10.1021/es401905e,ok
PFHxS,355-46-4,C(C(C(C(F)(F)S(=O)(=O)O)(F)F)(F)F)(C(C(F)(F)F)(F)F)(F)F,400.12,12775,,whole body (blood/urine combined),human,male/female,2.96,3.16,-0.54,pollution,continuous ,,,,TRUE,"Zhang et al., 2013",https://doi.org/10.1021/es401905e,ok
PFHxS,355-46-4,C(C(C(C(F)(F)S(=O)(=O)O)(F)F)(F)F)(C(C(F)(F)F)(F)F)(F)F,400.12,2810.5,,whole body (blood/urine combined),human,female,2.96,3.16,-0.54,pollution,continuous ,,,,TRUE,"Zhang et al., 2013",https://doi.org/10.1021/es401905e,ok
PFNA,375-95-1,C(=O)(C(C(C(C(C(C(C(C(F)(F)F)(F)F)(F)F)(F)F)(F)F)(F)F)(F)F)(F)F)O,464.08,1569.5,,whole body (blood/urine combined),Human,male/female,6.59,5.48,2.84,pollution,continuous ,,,,TRUE,"Zhang et al., 2013",https://doi.org/10.1021/es401905e,ok
PFNA,375-95-1,C(=O)(C(C(C(C(C(C(C(C(F)(F)F)(F)F)(F)F)(F)F)(F)F)(F)F)(F)F)(F)F)O,464.08,912.5,,whole body (blood/urine combined),Human,female,6.59,5.48,2.84,pollution,continuous ,,,,TRUE,"Zhang et al., 2013",https://doi.org/10.1021/es401905e,ok
PFOA,335-67-1,C(=O)(C(C(C(C(C(C(C(F)(F)F)(F)F)(F)F)(F)F)(F)F)(F)F)(F)F)O,414.07,949,,whole body (blood/urine combined),Human,male/female,5.57,4.81,1.82,pollution,continuous ,,,,TRUE,"Zhang et al., 2013",https://doi.org/10.1021/es401905e,ok
PFOA,335-67-2,C(=O)(C(C(C(C(C(C(C(F)(F)F)(F)F)(F)F)(F)F)(F)F)(F)F)(F)F)O,414.07,1022,,whole body (blood/urine combined),Human,female,,,,pollution,continuous ,,,,TRUE,"Zhang et al., 2013",https://doi.org/10.1021/es401905e,ok
iso-PFOA,15166-06-0,C(=O)(C(C(C(C(C(C(F)(F)F)(C(F)(F)F)F)(F)F)(F)F)(F)F)(F)F)O,414.07,839.5,,whole body (blood/urine combined),Human,male/female,,,,pollution,continuous ,,,,TRUE,"Zhang et al., 2013",https://doi.org/10.1021/es401905e,ok
iso-PFOA,15166-06-1,C(=O)(C(C(C(C(C(C(F)(F)F)(C(F)(F)F)F)(F)F)(F)F)(F)F)(F)F)O,414.07,912.5,,whole body (blood/urine combined),Human,female,,,,pollution,continuous ,,,,TRUE,"Zhang et al., 2013",https://doi.org/10.1021/es401905e,ok
4m-PFOA,https://pubchem.ncbi.nlm.nih.gov/compound/101561191,C(=O)(C(C(C(C(C(C(F)(F)F)(F)F)(C(F)(F)F)F)(F)F)(F)F)(F)F)O,414.07,511,,whole body (blood/urine combined),Human,male/female,,,,pollution,continuous ,,,,TRUE,"Zhang et al., 2013",https://doi.org/10.1021/es401905e,ok
4m-PFOA,https://pubchem.ncbi.nlm.nih.gov/compound/101561191,C(=O)(C(C(C(C(C(C(F)(F)F)(F)F)(C(F)(F)F)F)(F)F)(F)F)(F)F)O,414.07,511,,whole body (blood/urine combined),Human,female,,,,pollution,continuous ,,,,TRUE,"Zhang et al., 2013",https://doi.org/10.1021/es401905e,ok
5m-PFOA,https://pubchem.ncbi.nlm.nih.gov/compound/14671316#section=InChI,C(=O)(C(C(C(C(C(C(F)(F)F)(C(F)(F)F)F)(F)F)(F)F)(F)F)(F)F)O,414.07,233.6,,whole body (blood/urine combined),Human,male/female,,,,pollution,continuous ,,,,TRUE,"Zhang et al., 2013",https://doi.org/10.1021/es401905e,ok
5m-PFOA,https://pubchem.ncbi.nlm.nih.gov/compound/14671316#section=InChI,C(=O)(C(C(C(C(C(C(F)(F)F)(C(F)(F)F)F)(F)F)(F)F)(F)F)(F)F)O,414.07,474.5,,whole body (blood/urine combined),Human,female,5.57,4.81,1.82,pollution,continuous ,,,,TRUE,"Zhang et al., 2013",https://doi.org/10.1021/es401905e,ok
PFOS ,1763-23-1,C(C(C(C(C(F)(F)S(=O)(=O)O)(F)F)(F)F)(F)F)(C(C(C(F)(F)F)(F)F)(F)F)(F)F,500.13,12410,,whole body (blood/urine combined),Human,male/female,4.16,4.49,0.66,pollution,continuous ,,,,TRUE,"Zhang et al., 2013",https://doi.org/10.1021/es401905e,ok
PFOS ,1763-23-1,C(C(C(C(C(F)(F)S(=O)(=O)O)(F)F)(F)F)(F)F)(C(C(C(F)(F)F)(F)F)(F)F)(F)F,500.13,2445.5,,whole body (blood/urine combined),Human,female,4.16,4.49,0.66,pollution,continuous ,,,,TRUE,"Zhang et al., 2013",https://doi.org/10.1021/es401905e,ok
iso-PFOS,255831-20-0,C(C(C(C(C(C(F)(F)S(=O)(=O)O)(F)F)(F)F)(F)F)(F)F)(C(F)(F)F)(C(F)(F)F)F,500.13,8760,,whole body (blood/urine combined),Human,male/female,,,,pollution,continuous ,,,,TRUE,"Zhang et al., 2013",https://doi.org/10.1021/es401905e,ok
iso-PFOS,255831-20-1,C(C(C(C(C(C(F)(F)S(=O)(=O)O)(F)F)(F)F)(F)F)(F)F)(C(F)(F)F)(C(F)(F)F)F,500.13,2153.5,,whole body (blood/urine combined),Human,female,,,,pollution,continuous ,,,,TRUE,"Zhang et al., 2013",https://doi.org/10.1021/es401905e,ok
1m-PFOS,927670-12-0,C(C(C(C(C(F)(F)F)(F)S(=O)(=O)O)(F)F)(F)F)(C(C(C(F)(F)F)(F)F)(F)F)(F)F,500.13,32850,,whole body (blood/urine combined),Human,male/female,,,,pollution,continuous ,,,,TRUE,"Zhang et al., 2013",https://doi.org/10.1021/es401905e,ok
1m-PFOS,927670-12-0,C(C(C(C(C(F)(F)F)(F)S(=O)(=O)O)(F)F)(F)F)(C(C(C(F)(F)F)(F)F)(F)F)(F)F,500.13,3650,,whole body (blood/urine combined),Human,female,,,,pollution,continuous ,,,,TRUE,"Zhang et al., 2013",https://doi.org/10.1021/es401905e,ok
4m-PFOS,https://pubchem.ncbi.nlm.nih.gov/compound/102175774,C(C(C(C(F)(F)F)(F)F)(F)F)(C(C(C(F)(F)S(=O)(=O)O)(F)F)(F)F)(C(F)(F)F)F,500.13,9855,,whole body (blood/urine combined),Human,male/female,,,,pollution,continuous ,,,,TRUE,"Zhang et al., 2013",https://doi.org/10.1021/es401905e,ok
4m-PFOS,https://pubchem.ncbi.nlm.nih.gov/compound/102175774,C(C(C(C(F)(F)F)(F)F)(F)F)(C(C(C(F)(F)S(=O)(=O)O)(F)F)(F)F)(C(F)(F)F)F,500.13,2117,,whole body (blood/urine combined),Human,female,,,,pollution,continuous ,,,,TRUE,"Zhang et al., 2013",https://doi.org/10.1021/es401905e,ok
3m-PFOS,https://pubchem.ncbi.nlm.nih.gov/compound/102175775#section=InChI,C(C(C(C(C(F)(F)F)(F)F)(F)F)(F)F)(C(C(F)(F)S(=O)(=O)O)(F)F)(C(F)(F)F)F,500.13,7665,,whole body (blood/urine combined),Human,male/female,,,,pollution,continuous ,,,,TRUE,"Zhang et al., 2013",https://doi.org/10.1021/es401905e,ok
5m-PFOS,747385-21-3,C(C(C(C(C(F)(F)S(=O)(=O)O)(F)F)(F)F)(F)F)(C(C(F)(F)F)(F)F)(C(F)(F)F)F,500.13,7665,,whole body (blood/urine combined),Human,male/female,,,,pollution,continuous ,,,,TRUE,"Zhang et al., 2013",https://doi.org/10.1021/es401905e,ok
3m-PFOS,https://pubchem.ncbi.nlm.nih.gov/compound/102175775#section=InChI,C(C(C(C(C(F)(F)F)(F)F)(F)F)(F)F)(C(C(F)(F)S(=O)(=O)O)(F)F)(C(F)(F)F)F,500.13,1825,,whole body (blood/urine combined),Human,female,,,,pollution,continuous ,,,,TRUE,"Zhang et al., 2013",https://doi.org/10.1021/es401905e,ok
5m-PFOS,747385-21-3,C(C(C(C(C(F)(F)S(=O)(=O)O)(F)F)(F)F)(F)F)(C(C(F)(F)F)(F)F)(C(F)(F)F)F,500.13,1825,,whole body (blood/urine combined),Human,female,,,,pollution,continuous ,,,,TRUE,"Zhang et al., 2013",https://doi.org/10.1021/es401905e,ok
PFUnA,2058-94-8,C(=O)(C(C(C(C(C(C(C(C(C(C(F)(F)F)(F)F)(F)F)(F)F)(F)F)(F)F)(F)F)(F)F)(F)F)(F)F)O,564.09,4380,,whole body (blood/urine combined),Human,male/female,7.98,6.82,4.23,pollution,continuous ,,,,TRUE,"Zhang et al., 2013",https://doi.org/10.1021/es401905e,ok
PFUnA,2058-94-8,C(=O)(C(C(C(C(C(C(C(C(C(C(F)(F)F)(F)F)(F)F)(F)F)(F)F)(F)F)(F)F)(F)F)(F)F)(F)F)O,564.09,1642.5,,whole body (blood/urine combined),Human,female,7.98,6.82,4.23,pollution,continuous ,,,,TRUE,"Zhang et al., 2013",https://doi.org/10.1021/es401905e,ok
PFNA,375-95-1,C(=O)(C(C(C(C(C(C(C(C(F)(F)F)(F)F)(F)F)(F)F)(F)F)(F)F)(F)F)(F)F)O,464.08,23.6,,blood serum,Rat,male,6.59,5.48,2.84,oral,single,42 d follow-up,,10-12 weeks,TRUE,"Tatum-Gibbs et al., 2011",https://doi.org/10.1016/j.tox.2011.01.003,ok
PFNA,375-95-2,C(=O)(C(C(C(C(C(C(C(C(F)(F)F)(F)F)(F)F)(F)F)(F)F)(F)F)(F)F)(F)F)O,464.08,38.3,,liver,Mouse,female,,,,oral,single,50 d follow-up,,8-10 weeks,TRUE,"Tatum-Gibbs et al., 2011",https://doi.org/10.1016/j.tox.2011.01.003,ok
PFNA,375-95-3,C(=O)(C(C(C(C(C(C(C(C(F)(F)F)(F)F)(F)F)(F)F)(F)F)(F)F)(F)F)(F)F)O,464.08,59.3,,liver,Mouse,female,,,,oral,single,50 d follow-up,,8-10 weeks,TRUE,"Tatum-Gibbs et al., 2011",https://doi.org/10.1016/j.tox.2011.01.003,ok
PFNA,375-95-4,C(=O)(C(C(C(C(C(C(C(C(F)(F)F)(F)F)(F)F)(F)F)(F)F)(F)F)(F)F)(F)F)O,464.08,176,,liver,Mouse,male,,,,oral,single,50 d follow-up,,8-10 weeks,TRUE,"Tatum-Gibbs et al., 2011",https://doi.org/10.1016/j.tox.2011.01.003,ok
PFNA,375-95-5,C(=O)(C(C(C(C(C(C(C(C(F)(F)F)(F)F)(F)F)(F)F)(F)F)(F)F)(F)F)(F)F)O,464.08,142,,liver,Mouse,male,,,,oral,single,50 d follow-up,,8-10 weeks,TRUE,"Tatum-Gibbs et al., 2011",https://doi.org/10.1016/j.tox.2011.01.003,ok
PFNA,375-95-6,C(=O)(C(C(C(C(C(C(C(C(F)(F)F)(F)F)(F)F)(F)F)(F)F)(F)F)(F)F)(F)F)O,464.08,49.4,,kidney,Mouse,female,,,,oral,single,50 d follow-up,,8-10 weeks,TRUE,"Tatum-Gibbs et al., 2011",https://doi.org/10.1016/j.tox.2011.01.003,ok
PFNA,375-95-7,C(=O)(C(C(C(C(C(C(C(C(F)(F)F)(F)F)(F)F)(F)F)(F)F)(F)F)(F)F)(F)F)O,464.08,124,,kidney,Mouse,female,,,,oral,single,50 d follow-up,,8-10 weeks,TRUE,"Tatum-Gibbs et al., 2011",https://doi.org/10.1016/j.tox.2011.01.003,ok
PFNA,375-95-8,C(=O)(C(C(C(C(C(C(C(C(F)(F)F)(F)F)(F)F)(F)F)(F)F)(F)F)(F)F)(F)F)O,464.08,127,,kidney,Mouse,male,,,,oral,single,50 d follow-up,,8-10 weeks,TRUE,"Tatum-Gibbs et al., 2011",https://doi.org/10.1016/j.tox.2011.01.003,ok
PFNA,375-95-9,C(=O)(C(C(C(C(C(C(C(C(F)(F)F)(F)F)(F)F)(F)F)(F)F)(F)F)(F)F)(F)F)O,464.08,266,,kidney,Mouse,male,,,,oral,single,50 d follow-up,,8-10 weeks,TRUE,"Tatum-Gibbs et al., 2011",https://doi.org/10.1016/j.tox.2011.01.003,ok
PFO4DA,39492-90-5,C(=O)(C(OC(OC(OC(OC(F)(F)F)(F)F)(F)F)(F)F)(F)F)O,378.05,127,,blood,human,male,,,,pollution,continuous ,330,,5-86 (mostly adults),TRUE,"Wallis et al., 2023",https://doi.org/10.1021/acs.est.2c08241,
Nafion-BP2,749836-20-2,C(C(F)(F)F)(OC(C(C(F)(F)F)(OC(C(F)(F)S(=O)(=O)O)(F)F)F)(F)F)F,464.13,296,,blood,human,male,,,,pollution,continuous ,330,,5-86 (mostly adults),TRUE,"Wallis et al., 2023",https://doi.org/10.1021/acs.est.2c08241,
PFO5DoA,39492-91-6,C(=O)(C(OC(OC(OC(OC(OC(F)(F)F)(F)F)(F)F)(F)F)(F)F)(F)F)O,444.06,379,,blood,human,male,,,,pollution,continuous ,330,,5-86 (mostly adults),TRUE,"Wallis et al., 2023",https://doi.org/10.1021/acs.est.2c08241,
PFOS ,1763-23-1,C(C(C(C(C(F)(F)S(=O)(=O)O)(F)F)(F)F)(F)F)(C(C(C(F)(F)F)(F)F)(F)F)(F)F,500.13,2007.5,,blood,human,male,,,,pollution,continuous ,1825,,33-72,TRUE,"Nilsson et al., 2022",https://doi.org/10.1021/acs.est.2c04637?urlappend=%3Fref%3DPDF&jav=VoR&rel=cite-as,
1m-PFOS,927670-12-0,C(C(C(C(C(F)(F)F)(F)S(=O)(=O)O)(F)F)(F)F)(C(C(C(F)(F)F)(F)F)(F)F)(F)F,500.13,4197.5,,blood,human,male,,,,pollution,continuous ,1825,,33-72,TRUE,"Nilsson et al., 2022",https://doi.org/10.1021/acs.est.2c04637?urlappend=%3Fref%3DPDF&jav=VoR&rel=cite-as,
3m-PFOS,https://pubchem.ncbi.nlm.nih.gov/compound/102175775#section=InChI,C(C(C(C(C(F)(F)F)(F)F)(F)F)(F)F)(C(C(F)(F)S(=O)(=O)O)(F)F)(C(F)(F)F)F,500.13,2737.5,,blood,human,male,,,,pollution,continuous ,1825,,33-72,TRUE,"Nilsson et al., 2022",https://doi.org/10.1021/acs.est.2c04637?urlappend=%3Fref%3DPDF&jav=VoR&rel=cite-as,
4m-PFOS,https://pubchem.ncbi.nlm.nih.gov/compound/102175774,C(C(C(C(F)(F)F)(F)F)(F)F)(C(C(C(F)(F)S(=O)(=O)O)(F)F)(F)F)(C(F)(F)F)F,500.13,2737.5,,blood,human,male,,,,pollution,continuous ,1825,,33-72,TRUE,"Nilsson et al., 2022",https://doi.org/10.1021/acs.est.2c04637?urlappend=%3Fref%3DPDF&jav=VoR&rel=cite-as,
5m-PFOS,747385-21-3,C(C(C(C(C(F)(F)S(=O)(=O)O)(F)F)(F)F)(F)F)(C(C(F)(F)F)(F)F)(C(F)(F)F)F,500.13,2737.5,,blood,human,male,,,,pollution,continuous ,1825,,33-72,TRUE,"Nilsson et al., 2022",https://doi.org/10.1021/acs.est.2c04637?urlappend=%3Fref%3DPDF&jav=VoR&rel=cite-as,
6m-PFOS,255831-20-0,C(C(C(C(C(C(F)(F)S(=O)(=O)O)(F)F)(F)F)(F)F)(F)F)(C(F)(F)F)(C(F)(F)F)F,500.13,2591.5,,blood,human,male,,,,pollution,continuous ,1825,,33-72,TRUE,"Nilsson et al., 2022",https://doi.org/10.1021/acs.est.2c04637?urlappend=%3Fref%3DPDF&jav=VoR&rel=cite-as,
"4,5dm-PFOS",https://pubchem.ncbi.nlm.nih.gov/compound/101481202,C(C(C(F)(F)F)(C(F)(F)F)F)(C(C(C(F)(F)S(=O)(=O)O)(F)F)(F)F)(C(F)(F)F)F,500.13,1861.5,,blood,human,male,,,,pollution,continuous ,1825,,33-72,TRUE,"Nilsson et al., 2022",https://doi.org/10.1021/acs.est.2c04637?urlappend=%3Fref%3DPDF&jav=VoR&rel=cite-as,
8-Cl-PFOS,777011-38-8,C(C(C(C(C(F)(F)Cl)(F)F)(F)F)(F)F)(C(C(C(F)(F)S(=O)(=O)O)(F)F)(F)F)(F)F,500.13,1825,,blood,human,male,,,,pollution,continuous ,1825,,33-72,TRUE,"Nilsson et al., 2022",https://doi.org/10.1021/acs.est.2c04637?urlappend=%3Fref%3DPDF&jav=VoR&rel=cite-as,
PFOA,335-67-1,C(=O)(C(C(C(C(C(C(C(F)(F)F)(F)F)(F)F)(F)F)(F)F)(F)F)(F)F)O,414.07,1825,,blood,human,male,,,,pollution,continuous ,1825,,22-82,TRUE,"Nilson et al., 2022b",https://doi.org/10.1016/j.ijheh.2022.114040,
PFHxS,355-46-4,C(C(C(C(F)(F)S(=O)(=O)O)(F)F)(F)F)(C(C(F)(F)F)(F)F)(F)F,400.12,2847,,blood,human,male,,,,pollution,continuous ,1825,,22-82,TRUE,"Nilson et al., 2022b",https://doi.org/10.1016/j.ijheh.2022.114040,
PFHpS,375-92-8,C(C(C(C(F)(F)F)(F)F)(F)F)(C(C(C(F)(F)S(=O)(=O)O)(F)F)(F)F)(F)F,450.12,2701,,blood,human,male,,,,pollution,continuous ,1825,,22-82,TRUE,"Nilson et al., 2022b",https://doi.org/10.1016/j.ijheh.2022.114040,
PFOS ,1763-23-1,C(C(C(C(C(F)(F)S(=O)(=O)O)(F)F)(F)F)(F)F)(C(C(C(F)(F)F)(F)F)(F)F)(F)F,500.13,2372.5,,blood,human,male,,,,pollution,continuous ,1825,,22-82,TRUE,"Nilson et al., 2022b",https://doi.org/10.1016/j.ijheh.2022.114040,